zone_id,rto,interconnection,dc_capacity_mw,migration_role
PJM_COMED,PJM,Eastern,1644.5,source
PJM_DOM,PJM,Eastern,9430.7,intra_rto_control
PJM_AEP,PJM,Eastern,3506.6,intra_rto_control
PJM_BGE,PJM,Eastern,74.7,intra_rto_control
PJM_PECO,PJM,Eastern,694.5,intra_rto_control
PJM_PEPCO,PJM,Eastern,10.0,intra_rto_control
PJM_PSEG,PJM,Eastern,747.2,intra_rto_control
ERCOT_LZ_NORTH,ERCOT,ERCOT,4274.6,cross_ba_destination
ERCOT_LZ_SOUTH,ERCOT,ERCOT,2866.1,cross_ba_destination
ERCOT_LZ_WEST,ERCOT,ERCOT,2480.0,cross_ba_destination
ERCOT_LZ_HOUSTON,ERCOT,ERCOT,889.8,cross_ba_destination
CAISO_NP15,CAISO,Western,1310.7,cross_ba_destination
CAISO_SP15,CAISO,Western,396.8,cross_ba_destination
WECC_MIDC,WECC-nonISO,Western,5554.2,cross_ba_destination
WECC_PALO_VERDE,WECC-nonISO,Western,4508.7,cross_ba_destination
MISO_MINN_HUB,MISO,Eastern,2988.3,cross_ba_destination
MISO_INDIANA_HUB,MISO,Eastern,598.6,cross_ba_destination
MISO_ILLINOIS_HUB,MISO,Eastern,66.2,cross_ba_destination
MISO_MICHIGAN_HUB,MISO,Eastern,126.3,cross_ba_destination
MISO_ARKANSAS_HUB,MISO,Eastern,305.0,cross_ba_destination
MISO_LOUISIANA_HUB,MISO,Eastern,7.0,cross_ba_destination
NYISO_ZONE_J,NYISO,Eastern,191.3,cross_ba_destination
NYISO_ZONE_F,NYISO,Eastern,548.5,cross_ba_destination
NYISO_ZONE_A,NYISO,Eastern,55.6,cross_ba_destination
NYISO_ZONE_G,NYISO,Eastern,86.1,cross_ba_destination
NYISO_ZONE_K,NYISO,Eastern,9.5,cross_ba_destination
