name,county,state,full_fips,current_mw,construction_mw,planned_mw,current_plus_construction_mw,total_mw,rto,pricing_zone,interconnection,data_availability,migration_role,,,,,,,,,,,
"Loudoun County, VA",Loudoun,Virginia,51107,5427.95,1006,6182,6433.95,12615.95,PJM,DOM,Eastern,public_zonal,same_ic,,,,,,,,,,,
"Carson County, TX",Carson,Texas,48065,205,600,10400,805,11205,ERCOT,LZ_WEST,ERCOT,public_settlement_point,cross_ic_destination,,,,,Row Labels,Sum of current_mw,Sum of const_mw,Sum of planned_mw,Sum of total_mw,const_mw vs. current_mw ratio,planned_mw vs. current_mw ratio
"Maricopa County, AZ",Maricopa,Arizona,4013,2269.6,1149.6,5318.9,3419.2,8738.1,WECC-nonISO,PALO_VERDE,Western,bilateral_hub_proxy,cross_ic_destination,,,,,AEP,3506.6,3038.3,6544.5,13089.4,0.866451834,1.866337763
"Lea County, NM",Lea,New Mexico,35025,2,0,7000,2,7002,SPP,SPP_HUB,Eastern,public_hub,cross_ic_destination,,,,,APS,1.8,0,2656,2657.8,0,1475.555556
"Prince William County, VA",Prince William,Virginia,51153,1855.4,992,3616,2847.4,6463.4,PJM,DOM,Eastern,public_zonal,same_ic,,,,,BGE,74.65,72,1837,1983.65,0.964501005,24.60817147
"Storey County, NV",Storey,Nevada,32029,285,821,5049,1106,6155,WECC-nonISO,PALO_VERDE,Western,bilateral_hub_proxy,cross_ic_destination,,,,,COMED,1644.48,979.4,6234.8,8858.68,0.595568204,3.791350457
"Millard County, UT",Millard,Utah,49027,0,200,5750,200,5950,WECC-nonISO,PALO_VERDE,Western,bilateral_hub_proxy,cross_ic_destination,,,,,DOM,9430.7,4085,29980.2,43495.9,0.433159787,3.179000498
"Hood County, TX",Hood,Texas,48221,300,0,5090,300,5390,ERCOT,LZ_NORTH,ERCOT,public_settlement_point,cross_ic_destination,,,,,DPL,7.3,0,1200,1207.3,0,164.3835616
"Webb County, TX",Webb,Texas,48479,0.65,300,4700,300.65,5000.65,ERCOT,LZ_SOUTH,ERCOT,public_settlement_point,cross_ic_destination,,,,,ISONE_HUB,208.2,49,378,635.2,0.235350624,1.81556196
"Licking County, OH",Licking,Ohio,39089,1351,1478,1698,2829,4527,PJM,AEP,Eastern,public_zonal,same_ic,,,,,LZ_HOUSTON,889.79,213.25,1240,2343.04,0.239663291,1.393587251
"Ozaukee County, WI",Ozaukee,Wisconsin,55089,0,500,4000,500,4500,MISO,MISO_MINN_HUB,Eastern,public_zonal,same_ic,,,,,LZ_NORTH,4274.6,6334.8,25975.32,36584.72,1.481963225,6.076666823
"Dallas County, TX",Dallas,Texas,48113,783.28,499.8,3037.2,1283.08,4320.28,ERCOT,LZ_NORTH,ERCOT,public_settlement_point,cross_ic_destination,,,,,LZ_SOUTH,2866.09,2059.25,11521.295,16446.635,0.718487556,4.019865043
"Hanover County, VA",Hanover,Virginia,51085,1,0,4215,1,4216,PJM,DOM,Eastern,public_zonal,same_ic,,,,,LZ_WEST,2480,2762,15434,20676,1.113709677,6.223387097
"Laramie County, WY",Laramie,Wyoming,56021,410,148,3529,558,4087,WECC-nonISO,MID-C,Western,bilateral_hub_proxy,cross_ic_destination,,,,,MID-C,5554.16,1060.5,7310.75,13925.41,0.190937964,1.316265646
"Cook County, IL",Cook,Illinois,17031,1068.63,593.4,2134.8,1662.03,3796.83,PJM,COMED,Eastern,public_zonal,source,,,,,MISO_MINN_HUB,2988.31,3468.2,13558.7,20015.21,1.160589096,4.537246805
"Taylor County, TX",Taylor,Texas,48441,412,2000,1344,2412,3756,ERCOT,LZ_NORTH,ERCOT,public_settlement_point,cross_ic_destination,,,,,MISO_ILLINOIS_HUB,66.2,20,2945,3031.2,0.302114804,44.48640483
"Hopkins County, TX",Hopkins,Texas,48223,0,800,2200,800,3000,ERCOT,LZ_NORTH,ERCOT,public_settlement_point,cross_ic_destination,,,,,MISO_INDIANA_HUB,598.59,619.1,5144.5,6362.19,1.034263853,8.594363421
"Mecklenburg County, NC",Mecklenburg,North Carolina,37119,46.35,200,2600,246.35,2846.35,non-ISO,NO_LMP,Eastern,none,same_ic,,,,,MISO_MICHIGAN_HUB,126.32,85,2820,3031.32,0.672894237,22.32425586
"Lackawanna County, PA",Lackawanna,Pennsylvania,42069,0,0,2820,0,2820,PJM,PECO,Eastern,public_zonal,same_ic,,,,,MISO_ARKANSAS_HUB,305.03,486,740,1531.03,1.593285906,2.425990886
"Childress County, TX",Childress,Texas,48075,800,0,2000,800,2800,ERCOT,LZ_WEST,ERCOT,public_settlement_point,cross_ic_destination,,,,,MISO_LOUISIANA_HUB,6.95,1700,700,2406.95,244.6043165,100.7194245
"Shackelford County, TX",Shackelford,Texas,48417,0,280,2520,280,2800,ERCOT,LZ_NORTH,ERCOT,public_settlement_point,cross_ic_destination,,,,SERC,NO_LMP,5290.26,4070.1,22071.3,31431.66,0.769357272,4.172063377
"Utah County, UT",Utah,Utah,49049,322.3,230,2114,552.3,2666.3,WECC-nonISO,PALO_VERDE,Western,bilateral_hub_proxy,cross_ic_destination,,,,,NP15,1310.72,407,919.9,2637.62,0.310516357,0.701828003
"Armstrong County, TX",Armstrong,Texas,48011,0,1530,1000,1530,2530,ERCOT,LZ_WEST,ERCOT,public_settlement_point,cross_ic_destination,,,,,PALO_VERDE,4508.65,3009.4,21842.8,29360.85,0.667472525,4.844643075
"Milam County, TX",Milam,Texas,48331,1263,279,800,1542,2342,ERCOT,LZ_SOUTH,ERCOT,public_settlement_point,cross_ic_destination,,,,,PECO,694.54,572,6984.5,8251.04,0.823566677,10.05629625
"Caldwell County, TX",Caldwell,Texas,48055,0,48,2196,48,2244,ERCOT,LZ_SOUTH,ERCOT,public_settlement_point,cross_ic_destination,,,,,PEPCO,10.04,0,0,10.04,0,0
"Douglas County, GA",Douglas,Georgia,13097,289.5,252.8,1673,542.3,2215.3,non-ISO,NO_LMP,Eastern,none,same_ic,,,,,PSEG,747.18,118.4,563,1428.58,0.158462486,0.753499826
"Harris County, TX",Harris,Texas,48201,773.91,212.25,1184,986.16,2170.16,ERCOT,LZ_HOUSTON,ERCOT,public_settlement_point,cross_ic_destination,,,,,SP15,396.75,32,464,892.75,0.080655325,1.169502205
"Dakota County, MN",Dakota,Minnesota,27037,33,34,2032,67,2099,MISO,MISO_MINN_HUB,Eastern,public_zonal,same_ic,,,,,SPP_HUB,2174.77,1001.5,11468.8,14645.07,0.460508468,5.273569159
"Caroline County, VA",Caroline,Virginia,51033,0,370,1720,370,2090,PJM,DOM,Eastern,public_zonal,same_ic,,,,NYISO,ZONE_A,55.6,0,0,55.6,0,0
"Racine County, WI",Racine,Wisconsin,55101,0,1248,800,1248,2048,MISO,MISO_MINN_HUB,Eastern,public_zonal,same_ic,,,,NYISO,ZONE_F,548.5,364,1032.5,1945,0.663628077,1.882406563
"Washtenaw County, MI",Washtenaw,Michigan,26161,0.74,0,2000,0.74,2000.74,MISO,MISO_MICHIGAN_HUB,Eastern,public_zonal,same_ic,,,,NYISO,ZONE_G,86.1,20,0,106.1,0.232288037,0
"Fisher County, TX",Fisher,Texas,48151,0,300,1700,300,2000,ERCOT,LZ_NORTH,ERCOT,public_settlement_point,cross_ic_destination,,,,NYISO,ZONE_J,191.28,0,0,191.28,0,0
"Richland Parish, LA",Richland,Louisiana,22083,0,1500,500,1500,2000,MISO,MISO_LOUISIANA_HUB,Eastern,public_zonal,same_ic,,,,NYISO,ZONE_K,9.5,0,3,12.5,0,0.315789474
"Santa Clara County, CA",Santa Clara,California,6085,1017.73,279,700.8,1296.73,1997.53,CAISO,NP15,Western,public_lap,cross_ic_destination,,,,,Grand Total,51053.66,36626.2,201569.865,289249.725,,
"Fulton County, GA",Fulton,Georgia,13121,654.75,317,964.7,971.75,1936.45,non-ISO,NO_LMP,Eastern,none,same_ic,,,,,,,,,,,
"Spotsylvania County, VA",Spotsylvania,Virginia,51177,60,400,1470,460,1930,PJM,DOM,Eastern,public_zonal,same_ic,,,,,,,,,,,
"Linn County, IA",Linn,Iowa,19113,2.31,420,1455,422.31,1877.31,MISO,MISO_MINN_HUB,Eastern,public_zonal,same_ic,,,,,,,,,,,
"Bartow County, GA",Bartow,Georgia,13015,0,45,1830,45,1875,non-ISO,NO_LMP,Eastern,none,same_ic,,,,,,,,,,,
"Culpeper County, VA",Culpeper,Virginia,51047,67.5,240,1558,307.5,1865.5,PJM,DOM,Eastern,public_zonal,same_ic,,,,,,,,,,,
"Stafford County, VA",Stafford,Virginia,51179,0,106,1758,106,1864,PJM,DOM,Eastern,public_zonal,same_ic,,,,,,,,,,,
"Franklin County, OH",Franklin,Ohio,39049,1255,174,375,1429,1804,PJM,AEP,Eastern,public_zonal,same_ic,,,,,,,,,,,
"Ward County, TX",Ward,Texas,48475,441,234,1107,675,1782,ERCOT,LZ_WEST,ERCOT,public_settlement_point,cross_ic_destination,,,,,,,,,,,
"Washington County, OR",Washington,Oregon,41067,837.6,98,840,935.6,1775.6,WECC-nonISO,MID-C,Western,bilateral_hub_proxy,cross_ic_destination,,,,,,,,,,,
"Kane County, IL",Kane,Illinois,17089,0,40,1689,40,1729,PJM,COMED,Eastern,public_zonal,source,,,,,,,,,,,
"Dallas County, IA",Dallas,Iowa,19049,292,96,1300,388,1688,MISO,MISO_MINN_HUB,Eastern,public_zonal,same_ic,,,,,,,,,,,
"Tucker County, WV",Tucker,West Virginia,54093,0,0,1656,0,1656,PJM,APS,Eastern,public_zonal,same_ic,,,,,,,,,,,
"Tarrant County, TX",Tarrant,Texas,48439,292.18,301,1008,593.18,1601.18,ERCOT,LZ_NORTH,ERCOT,public_settlement_point,cross_ic_destination,,,,,,,,,,,
"Dickens County, TX",Dickens,Texas,48125,0,266,1334,266,1600,ERCOT,LZ_NORTH,ERCOT,public_settlement_point,cross_ic_destination,,,,,,,,,,,
"Bexar County, TX",Bexar,Texas,48029,648.15,241,682,889.15,1571.15,ERCOT,LZ_SOUTH,ERCOT,public_settlement_point,cross_ic_destination,,,,,,,,,,,
"Mecklenburg County, VA",Mecklenburg,Virginia,51117,791.5,114,616.5,905.5,1522,PJM,DOM,Eastern,public_zonal,same_ic,,,,,,,,,,,
"Elkhart County, IN",Elkhart,Indiana,18039,0,0,1500,0,1500,MISO,MISO_INDIANA_HUB,Eastern,public_zonal,same_ic,,,,,,,,,,,
"Shelby County, TN",Shelby,Tennessee,47157,524.63,920,40,1444.63,1484.63,non-ISO,NO_LMP,Eastern,none,same_ic,,,,,,,,,,,
"Kendall County, IL",Kendall,Illinois,17093,0,40,1444,40,1484,PJM,COMED,Eastern,public_zonal,source,,,,,,,,,,,
"Ellis County, TX",Ellis,Texas,48139,386,345,720,731,1451,ERCOT,LZ_NORTH,ERCOT,public_settlement_point,cross_ic_destination,,,,,,,,,,,
"Cumberland County, PA",Cumberland,Pennsylvania,42041,0,0,1350,0,1350,PJM,PECO,Eastern,public_zonal,same_ic,,,,,,,,,,,
"Williams County, ND",Williams,North Dakota,38105,290,585,460,875,1335,MISO,MISO_MINN_HUB,Eastern,public_zonal,same_ic,,,,,,,,,,,
"Clay County, MO",Clay,Missouri,29047,253.4,365.2,706.8,618.6,1325.4,SPP,SPP_HUB,Eastern,public_hub,same_ic,,,,,,,,,,,
"Henrico County, VA",Henrico,Virginia,51087,677.3,94,536,771.3,1307.3,PJM,DOM,Eastern,public_zonal,same_ic,,,,,,,,,,,
"Fayette County, GA",Fayette,Georgia,13113,360,465,446,825,1271,non-ISO,NO_LMP,Eastern,none,same_ic,,,,,,,,,,,
"Chaves County, NM",Chaves,New Mexico,35005,0,0,1240,0,1240,SPP,SPP_HUB,Eastern,public_hub,cross_ic_destination,,,,,,,,,,,
"Runnels County, TX",Runnels,Texas,48399,20,10,1180,30,1210,ERCOT,LZ_NORTH,ERCOT,public_settlement_point,cross_ic_destination,,,,,,,,,,,
"St. Joseph County, IN",St. Joseph,Indiana,18141,506.55,300.6,401,807.15,1208.15,MISO,MISO_INDIANA_HUB,Eastern,public_zonal,same_ic,,,,,,,,,,,
"New Castle County, DE",New Castle,Delaware,10003,7.3,0,1200,7.3,1207.3,PJM,DPL,Eastern,public_zonal,same_ic,,,,,,,,,,,
"Phelps County, MO",Phelps,Missouri,29161,0,0,1200,0,1200,MISO,MISO_ILLINOIS_HUB,Eastern,public_zonal,same_ic,,,,,,,,,,,
"Hays County, TX",Hays,Texas,48209,0,50,1150,50,1200,ERCOT,LZ_SOUTH,ERCOT,public_settlement_point,cross_ic_destination,,,,,,,,,,,
"King George County, VA",King George,Virginia,51099,0,0,1200,0,1200,PJM,DOM,Eastern,public_zonal,same_ic,,,,,,,,,,,
"Morrow County, OR",Morrow,Oregon,41049,877,300,0,1177,1177,WECC-nonISO,MID-C,Western,bilateral_hub_proxy,cross_ic_destination,,,,,,,,,,,
"Luzerne County, PA",Luzerne,Pennsylvania,42079,98,122,940,220,1160,PJM,PECO,Eastern,public_zonal,same_ic,,,,,,,,,,,
"Medina County, TX",Medina,Texas,48325,160,200,790,360,1150,ERCOT,LZ_NORTH,ERCOT,public_settlement_point,cross_ic_destination,,,,,,,,,,,
"Umatilla County, OR",Umatilla,Oregon,41059,943.5,175,26,1118.5,1144.5,WECC-nonISO,MID-C,Western,bilateral_hub_proxy,cross_ic_destination,,,,,,,,,,,
"Pinal County, AZ",Pinal,Arizona,4021,0,0,1120,0,1120,WECC-nonISO,PALO_VERDE,Western,bilateral_hub_proxy,cross_ic_destination,,,,,,,,,,,
"Monroe County, GA",Monroe,Georgia,13207,0,0,1120,0,1120,non-ISO,NO_LMP,Eastern,none,same_ic,,,,,,,,,,,
"Goochland County, VA",Goochland,Virginia,51075,0,0,1100,0,1100,PJM,DOM,Eastern,public_zonal,same_ic,,,,,,,,,,,
"Fairfax County, VA",Fairfax,Virginia,51059,416.4,423,256.7,839.4,1096.1,PJM,DOM,Eastern,public_zonal,same_ic,,,,,,,,,,,
"Walton County, GA",Walton,Georgia,13297,0,0,1088,0,1088,non-ISO,NO_LMP,Eastern,none,same_ic,,,,,,,,,,,
"Lake County, IN",Lake,Indiana,18089,20,20,1020,40,1060,MISO,MISO_INDIANA_HUB,Eastern,public_zonal,same_ic,,,,,,,,,,,
"Frederick County, MD",Frederick,Maryland,24021,0,72,987,72,1059,PJM,BGE,Eastern,public_zonal,same_ic,,,,,,,,,,,
"Fairfield County, OH",Fairfield,Ohio,39045,155,160,736,315,1051,PJM,AEP,Eastern,public_zonal,same_ic,,,,,,,,,,,
"Tazewell County, IL",Tazewell,Illinois,17179,0,0,1050,0,1050,MISO,MISO_ILLINOIS_HUB,Eastern,public_zonal,source,,,,,,,,,,,
"El Paso County, TX",El Paso,Texas,48141,22.3,205.3,800,227.6,1027.6,WECC-nonISO,PALO_VERDE,Western,bilateral_hub_proxy,cross_ic_destination,,,,,,,,,,,
"Yellowstone County, MT",Yellowstone,Montana,30111,0,0,1000,0,1000,WECC-nonISO,MID-C,Western,bilateral_hub_proxy,same_ic,,,,,,,,,,,
"Navarro County, TX",Navarro,Texas,48349,400,0,600,400,1000,ERCOT,LZ_NORTH,ERCOT,public_settlement_point,cross_ic_destination,,,,,,,,,,,
"Cabell County, WV",Cabell,West Virginia,54011,0,0,1000,0,1000,PJM,APS,Eastern,public_zonal,same_ic,,,,,,,,,,,
"Richmond County, NC",Richmond,North Carolina,37153,0,50,950,50,1000,non-ISO,NO_LMP,Eastern,none,same_ic,,,,,,,,,,,
"Travis County, TX",Travis,Texas,48453,358.58,0,640.045,358.58,998.625,ERCOT,LZ_SOUTH,ERCOT,public_settlement_point,cross_ic_destination,,,,,,,,,,,
"Dickey County, ND",Dickey,North Dakota,38021,380,100,500,480,980,MISO,MISO_MINN_HUB,Eastern,public_zonal,same_ic,,,,,,,,,,,
"Coweta County, GA",Coweta,Georgia,13077,0,0,970,0,970,non-ISO,NO_LMP,Eastern,none,same_ic,,,,,,,,,,,
"Catawba County, NC",Catawba,North Carolina,37035,223,196,536,419,955,non-ISO,NO_LMP,Eastern,none,same_ic,,,,,,,,,,,
"Niagara County, NY",Niagara,New York,36063,399.2,176,350.5,575.2,925.7,NYISO,ZONE_F,Eastern,public_zonal,same_ic,,,,,,,,,,,
"Louisa County, VA",Louisa,Virginia,51109,0,70,850,70,920,PJM,DOM,Eastern,public_zonal,same_ic,,,,,,,,,,,
"Greene County, PA",Greene,Pennsylvania,42059,0,0,910,0,910,PJM,PECO,Eastern,public_zonal,same_ic,,,,,,,,,,,
"Clark County, OH",Clark,Ohio,39023,54,25,823,79,902,PJM,AEP,Eastern,public_zonal,same_ic,,,,,,,,,,,
"Nueces County, TX",Nueces,Texas,48355,200.5,500,200,700.5,900.5,ERCOT,LZ_SOUTH,ERCOT,public_settlement_point,cross_ic_destination,,,,,,,,,,,
"Trumbull County, OH",Trumbull,Ohio,39155,0,200,700,200,900,PJM,AEP,Eastern,public_zonal,same_ic,,,,,,,,,,,
"Twiggs County, GA",Twiggs,Georgia,13289,0,0,900,0,900,non-ISO,NO_LMP,Eastern,none,same_ic,,,,,,,,,,,
"Columbia County, GA",Columbia,Georgia,13073,0,0,900,0,900,non-ISO,NO_LMP,Eastern,none,same_ic,,,,,,,,,,,
"Clark County, NV",Clark,Nevada,32003,428.33,20,444,448.33,892.33,WECC-nonISO,PALO_VERDE,Western,bilateral_hub_proxy,cross_ic_destination,,,,,,,,,,,
"Williamson County, TX",Williamson,Texas,48491,85.41,313,460,398.41,858.41,ERCOT,LZ_SOUTH,ERCOT,public_settlement_point,cross_ic_destination,,,,,,,,,,,
"Prince George's County, MD",Prince George's,Maryland,24033,2,0,850,2,852,PJM,BGE,Eastern,public_zonal,same_ic,,,,,,,,,,,
"Dorchester County, SC",Dorchester,South Carolina,45035,0,130,720,130,850,non-ISO,NO_LMP,Eastern,none,same_ic,,,,,,,,,,,
"Fauquier County, VA",Fauquier,Virginia,51061,12,0,825,12,837,PJM,DOM,Eastern,public_zonal,same_ic,,,,,,,,,,,
"Pottawattamie County, IA",Pottawattamie,Iowa,19155,602,100,112,702,814,MISO,MISO_MINN_HUB,Eastern,public_zonal,same_ic,,,,,,,,,,,
"Mitchell County, TX",Mitchell,Texas,48335,0,100,700,100,800,ERCOT,LZ_NORTH,ERCOT,public_settlement_point,cross_ic_destination,,,,,,,,,,,
"Madison County, MS",Madison,Mississippi,28089,250,150,400,400,800,MISO,MISO_ARKANSAS_HUB,Eastern,public_zonal,same_ic,,,,,,,,,,,
"Grant County, WA",Grant,Washington,53025,763.9,0,36,763.9,799.9,WECC-nonISO,MID-C,Western,bilateral_hub_proxy,cross_ic_destination,,,,,,,,,,,
"Jefferson County, AL",Jefferson,Alabama,1073,9.5,54,720,63.5,783.5,non-ISO,NO_LMP,Eastern,none,same_ic,,,,,,,,,,,
"Polk County, FL",Polk,Florida,12105,8,15,760,23,783,non-ISO,NO_LMP,Eastern,none,same_ic,,,,,,,,,,,
"Polk County, IA",Polk,Iowa,19153,643.9,118.2,5,762.1,767.1,MISO,MISO_MINN_HUB,Eastern,public_zonal,same_ic,,,,,,,,,,,
"Newton County, GA",Newton,Georgia,13217,210,0,550,210,760,non-ISO,NO_LMP,Eastern,none,same_ic,,,,,,,,,,,
"Dane County, WI",Dane,Wisconsin,55025,7.95,0,750,7.95,757.95,MISO,MISO_MINN_HUB,Eastern,public_zonal,same_ic,,,,,,,,,,,
"Ector County, TX",Ector,Texas,48135,207,0,540,207,747,ERCOT,LZ_WEST,ERCOT,public_settlement_point,cross_ic_destination,,,,,,,,,,,
"Salt Lake County, UT",Salt Lake,Utah,49035,347.5,206,178,553.5,731.5,WECC-nonISO,PALO_VERDE,Western,bilateral_hub_proxy,cross_ic_destination,,,,,,,,,,,
"Bell County, TX",Bell,Texas,48027,300,168.25,233.25,468.25,701.5,ERCOT,LZ_SOUTH,ERCOT,public_settlement_point,cross_ic_destination,,,,,,,,,,,
"Monroe County, OH",Monroe,Ohio,39111,0,266,429,266,695,PJM,AEP,Eastern,public_zonal,same_ic,,,,,,,,,,,
"DuPage County, IL",DuPage,Illinois,17043,315.85,186,187,501.85,688.85,PJM,COMED,Eastern,public_zonal,source,,,,,,,,,,,
"DeKalb County, IL",DeKalb,Illinois,17037,260,60,360,320,680,PJM,COMED,Eastern,public_zonal,source,,,,,,,,,,,
"Iredell County, NC",Iredell,North Carolina,37097,4,0,672,4,676,non-ISO,NO_LMP,Eastern,none,same_ic,,,,,,,,,,,
"Wright County, MN",Wright,Minnesota,27171,0,0,650,0,650,MISO,MISO_MINN_HUB,Eastern,public_zonal,same_ic,,,,,,,,,,,
"Collin County, TX",Collin,Texas,48085,342.81,76,227.12,418.81,645.93,ERCOT,LZ_NORTH,ERCOT,public_settlement_point,cross_ic_destination,,,,,,,,,,,
"Wyandotte County, KS",Wyandotte,Kansas,20209,14,0,600,14,614,SPP,SPP_HUB,Eastern,public_hub,same_ic,,,,,,,,,,,
"Platte County, MO",Platte,Missouri,29165,13.25,0,600,13.25,613.25,SPP,SPP_HUB,Eastern,public_hub,same_ic,,,,,,,,,,,
"Floyd County, GA",Floyd,Georgia,13115,0,50,554,50,604,non-ISO,NO_LMP,Eastern,none,same_ic,,,,,,,,,,,
"Sarpy County, NE",Sarpy,Nebraska,31153,598.05,0,5,598.05,603.05,SPP,SPP_HUB,Eastern,public_hub,same_ic,,,,,,,,,,,
"Cascade County, MT",Cascade,Montana,30013,0,0,600,0,600,WECC-nonISO,MID-C,Western,bilateral_hub_proxy,same_ic,,,,,,,,,,,
"Hale County, TX",Hale,Texas,48189,73,127,400,200,600,ERCOT,LZ_NORTH,ERCOT,public_settlement_point,cross_ic_destination,,,,,,,,,,,
"Gray County, TX",Gray,Texas,48179,0,150,450,150,600,ERCOT,LZ_NORTH,ERCOT,public_settlement_point,cross_ic_destination,,,,,,,,,,,
"Sangamon County, IL",Sangamon,Illinois,17167,0,0,600,0,600,MISO,MISO_ILLINOIS_HUB,Eastern,public_zonal,source,,,,,,,,,,,
"Orange County, VA",Orange,Virginia,51137,0,0,600,0,600,PJM,DOM,Eastern,public_zonal,same_ic,,,,,,,,,,,
"Cumberland County, NJ",Cumberland,New Jersey,34011,100,100,400,200,600,PJM,PSEG,Eastern,public_zonal,same_ic,,,,,,,,,,,
"Mayes County, OK",Mayes,Oklahoma,40097,570,0,0,570,570,SPP,SPP_HUB,Eastern,public_hub,same_ic,,,,,,,,,,,
"Oldham County, KY",Oldham,Kentucky,21185,0,0,565,0,565,MISO,MISO_INDIANA_HUB,Eastern,public_zonal,same_ic,,,,,,,,,,,
"Berkeley County, SC",Berkeley,South Carolina,45015,310,0,230,310,540,non-ISO,NO_LMP,Eastern,none,same_ic,,,,,,,,,,,
"Adams County, CO",Adams,Colorado,8001,33.5,0,482,33.5,515.5,WECC-nonISO,PALO_VERDE,Western,bilateral_hub_proxy,cross_ic_destination,,,,,,,,,,,
"Allen County, IN",Allen,Indiana,18003,105,240,160,345,505,PJM,AEP,Eastern,public_zonal,same_ic,,,,,,,,,,,
"Jefferson County, KY",Jefferson,Kentucky,21111,17.89,155,331.5,172.89,504.39,MISO,MISO_INDIANA_HUB,Eastern,public_zonal,same_ic,,,,,,,,,,,
"McLennan County, TX",McLennan,Texas,48309,1.3,100,400,101.3,501.3,ERCOT,LZ_SOUTH,ERCOT,public_settlement_point,cross_ic_destination,,,,,,,,,,,
"Walla Walla County, WA",Walla Walla,Washington,53071,0.4,0,500,0.4,500.4,WECC-nonISO,MID-C,Western,bilateral_hub_proxy,cross_ic_destination,,,,,,,,,,,
"McCulloch County, TX",McCulloch,Texas,48307,0,100,400,100,500,ERCOT,LZ_NORTH,ERCOT,public_settlement_point,cross_ic_destination,,,,,,,,,,,
"Walker County, TX",Walker,Texas,48471,0,100,400,100,500,ERCOT,LZ_NORTH,ERCOT,public_settlement_point,cross_ic_destination,,,,,,,,,,,
"Van Wert County, OH",Van Wert,Ohio,39161,0,0,500,0,500,PJM,AEP,Eastern,public_zonal,same_ic,,,,,,,,,,,
"Prince Edward County, VA",Prince Edward,Virginia,51147,0,0,500,0,500,PJM,DOM,Eastern,public_zonal,same_ic,,,,,,,,,,,
"Alexandria city, VA",Alexandria,Virginia,51510,0,0,500,0,500,PJM,DOM,Eastern,public_zonal,same_ic,,,,,,,,,,,
"Rowan County, NC",Rowan,North Carolina,37159,9.6,0,480,9.6,489.6,non-ISO,NO_LMP,Eastern,none,same_ic,,,,,,,,,,,
"Crook County, OR",Crook,Oregon,41013,476,0,5,476,481,WECC-nonISO,MID-C,Western,bilateral_hub_proxy,cross_ic_destination,,,,,,,,,,,
"Lake County, IL",Lake,Illinois,17097,0,60,420,60,480,PJM,COMED,Eastern,public_zonal,source,,,,,,,,,,,
"Boone County, IN",Boone,Indiana,18011,0,40,440,40,480,MISO,MISO_INDIANA_HUB,Eastern,public_zonal,same_ic,,,,,,,,,,,
"Spalding County, GA",Spalding,Georgia,13255,0,0,480,0,480,non-ISO,NO_LMP,Eastern,none,same_ic,,,,,,,,,,,
"Muskogee County, OK",Muskogee,Oklahoma,40101,200,270,0,470,470,SPP,SPP_HUB,Eastern,public_hub,same_ic,,,,,,,,,,,
"Genesee County, NY",Genesee,New York,36037,0,50,420,50,470,NYISO,ZONE_F,Eastern,public_zonal,same_ic,,,,,,,,,,,
"Pecos County, TX",Pecos,Texas,48371,155,0,300,155,455,ERCOT,LZ_WEST,ERCOT,public_settlement_point,cross_ic_destination,,,,,,,,,,,
"Denton County, TX",Denton,Texas,48121,348.23,103,0,451.23,451.23,ERCOT,LZ_NORTH,ERCOT,public_settlement_point,cross_ic_destination,,,,,,,,,,,
"Union County, OH",Union,Ohio,39159,330,30,90,360,450,PJM,AEP,Eastern,public_zonal,same_ic,,,,,,,,,,,
"Haskell County, TX",Haskell,Texas,48207,0,88,352,88,440,ERCOT,LZ_NORTH,ERCOT,public_settlement_point,cross_ic_destination,,,,,,,,,,,
"Duval County, TX",Duval,Texas,48131,0,60,375,60,435,ERCOT,LZ_NORTH,ERCOT,public_settlement_point,cross_ic_destination,,,,,,,,,,,
"Deuel County, SD",Deuel,South Dakota,46039,0,0,430,0,430,SPP,SPP_HUB,Eastern,public_hub,same_ic,,,,,,,,,,,
"Carbon County, PA",Carbon,Pennsylvania,42025,80,60,290,140,430,PJM,PECO,Eastern,public_zonal,same_ic,,,,,,,,,,,
"Imperial County, CA",Imperial,California,6025,0,0,420,0,420,CAISO,SP15,Western,public_lap,cross_ic_destination,,,,,,,,,,,
"Chesterfield County, VA",Chesterfield,Virginia,51041,45.8,50,310,95.8,405.8,PJM,DOM,Eastern,public_zonal,same_ic,,,,,,,,,,,
"Wilbarger County, TX",Wilbarger,Texas,48487,90,50,260,140,400,ERCOT,LZ_NORTH,ERCOT,public_settlement_point,cross_ic_destination,,,,,,,,,,,
"Crittenden County, AR",Crittenden,Arkansas,5035,0,70,330,70,400,MISO,MISO_ARKANSAS_HUB,Eastern,public_zonal,same_ic,,,,,,,,,,,
"West Feliciana Parish, LA",West Feliciana,Louisiana,22125,0,200,200,200,400,MISO,MISO_LOUISIANA_HUB,Eastern,public_zonal,same_ic,,,,,,,,,,,
"Tompkins County, NY",Tompkins,New York,36109,0,138,262,138,400,NYISO,ZONE_F,Eastern,public_zonal,same_ic,,,,,,,,,,,
"Hendricks County, IN",Hendricks,Indiana,18063,0,0,400,0,400,MISO,MISO_INDIANA_HUB,Eastern,public_zonal,same_ic,,,,,,,,,,,
"Charles City County, VA",Charles City,Virginia,51036,0,0,400,0,400,PJM,DOM,Eastern,public_zonal,same_ic,,,,,,,,,,,
"Los Angeles County, CA",Los Angeles,California,6037,318.7,32,44,350.7,394.7,CAISO,SP15,Western,public_lap,cross_ic_destination,,,,,,,,,,,
"Douglas County, WA",Douglas,Washington,53017,239.5,102,39,341.5,380.5,WECC-nonISO,MID-C,Western,bilateral_hub_proxy,cross_ic_destination,,,,,,,,,,,
"Park County, CO",Park,Colorado,8093,0,0,380,0,380,WECC-nonISO,PALO_VERDE,Western,bilateral_hub_proxy,cross_ic_destination,,,,,,,,,,,
"Spartanburg County, SC",Spartanburg,South Carolina,45083,47.3,60,268,107.3,375.3,non-ISO,NO_LMP,Eastern,none,same_ic,,,,,,,,,,,
"Madison County, AL",Madison,Alabama,1089,262,100,5,362,367,non-ISO,NO_LMP,Eastern,none,same_ic,,,,,,,,,,,
"Coshocton County, OH",Coshocton,Ohio,39031,50,40,270,90,360,PJM,AEP,Eastern,public_zonal,same_ic,,,,,,,,,,,
"Lancaster County, NE",Lancaster,Nebraska,31109,71,70,210,141,351,SPP,SPP_HUB,Eastern,public_hub,same_ic,,,,,,,,,,,
"Guilford County, NC",Guilford,North Carolina,37081,49.2,20,280,69.2,349.2,non-ISO,NO_LMP,Eastern,none,same_ic,,,,,,,,,,,
"Cass County, MI",Cass,Michigan,26027,28,40,272,68,340,MISO,MISO_MICHIGAN_HUB,Eastern,public_zonal,same_ic,,,,,,,,,,,
"Lauderdale County, MS",Lauderdale,Mississippi,28075,8,40,280,48,328,non-ISO,NO_LMP,Eastern,none,same_ic,,,,,,,,,,,
"Wichita County, TX",Wichita,Texas,48485,0.6,0,300,0.6,300.6,ERCOT,LZ_NORTH,ERCOT,public_settlement_point,cross_ic_destination,,,,,,,,,,,
"Lancaster County, PA",Lancaster,Pennsylvania,42071,0.5,100,200,100.5,300.5,PJM,PECO,Eastern,public_zonal,same_ic,,,,,,,,,,,
"Benton County, WA",Benton,Washington,53005,0,0,300,0,300,WECC-nonISO,MID-C,Western,bilateral_hub_proxy,cross_ic_destination,,,,,,,,,,,
"Cavalier County, ND",Cavalier,North Dakota,38019,30,70,200,100,300,MISO,MISO_MINN_HUB,Eastern,public_zonal,same_ic,,,,,,,,,,,
"Douglas County, NE",Douglas,Nebraska,31055,160,140,0,300,300,SPP,SPP_HUB,Eastern,public_hub,same_ic,,,,,,,,,,,
"Nicollet County, MN",Nicollet,Minnesota,27103,0,0,300,0,300,MISO,MISO_MINN_HUB,Eastern,public_zonal,same_ic,,,,,,,,,,,
"Winkler County, TX",Winkler,Texas,48495,150,150,0,300,300,ERCOT,LZ_WEST,ERCOT,public_settlement_point,cross_ic_destination,,,,,,,,,,,
"Payne County, OK",Payne,Oklahoma,40119,0,50,250,50,300,SPP,SPP_HUB,Eastern,public_hub,same_ic,,,,,,,,,,,
"Shelby County, OH",Shelby,Ohio,39149,0,50,250,50,300,PJM,AEP,Eastern,public_zonal,same_ic,,,,,,,,,,,
"Appomattox County, VA",Appomattox,Virginia,51011,0,50,250,50,300,PJM,DOM,Eastern,public_zonal,same_ic,,,,,,,,,,,
"Cherokee County, SC",Cherokee,South Carolina,45021,0,0,300,0,300,non-ISO,NO_LMP,Eastern,none,same_ic,,,,,,,,,,,
"Powhatan County, VA",Powhatan,Virginia,51145,0,0,300,0,300,PJM,DOM,Eastern,public_zonal,same_ic,,,,,,,,,,,
"Surry County, VA",Surry,Virginia,51181,0,20,280,20,300,PJM,DOM,Eastern,public_zonal,same_ic,,,,,,,,,,,
"Bosque County, TX",Bosque,Texas,48035,0,40,248,40,288,ERCOT,LZ_NORTH,ERCOT,public_settlement_point,cross_ic_destination,,,,,,,,,,,
"Erie County, OH",Erie,Ohio,39043,0,96,190,96,286,PJM,AEP,Eastern,public_zonal,same_ic,,,,,,,,,,,
"Montgomery County, AL",Montgomery,Alabama,1101,0.8,280,5,280.8,285.8,non-ISO,NO_LMP,Eastern,none,same_ic,,,,,,,,,,,
"Cass County, ND",Cass,North Dakota,38017,2.6,50,230,52.6,282.6,MISO,MISO_MINN_HUB,Eastern,public_zonal,same_ic,,,,,,,,,,,
"Upton County, TX",Upton,Texas,48461,280,0,0,280,280,ERCOT,LZ_NORTH,ERCOT,public_settlement_point,cross_ic_destination,,,,,,,,,,,
"Bucks County, PA",Bucks,Pennsylvania,42017,0,80,200,80,280,PJM,PECO,Eastern,public_zonal,same_ic,,,,,,,,,,,
"Hampden County, MA",Hampden,Massachusetts,25013,1.5,0,274,1.5,275.5,ISO-NE,ISONE_HUB,Eastern,public_hub,same_ic,,,,,,,,,,,
"Reeves County, TX",Reeves,Texas,48389,207,63,0,270,270,ERCOT,LZ_WEST,ERCOT,public_settlement_point,cross_ic_destination,,,,,,,,,,,
"Rockdale County, GA",Rockdale,Georgia,13247,0,30,240,30,270,non-ISO,NO_LMP,Eastern,none,same_ic,,,,,,,,,,,
"Whitfield County, GA",Whitfield,Georgia,13313,217,50,0,267,267,non-ISO,NO_LMP,Eastern,none,same_ic,,,,,,,,,,,
"Washington County, GA",Washington,Georgia,13303,261,0,0,261,261,non-ISO,NO_LMP,Eastern,none,same_ic,,,,,,,,,,,
"Warren County, IA",Warren,Iowa,19181,250,0,0,250,250,MISO,MISO_MINN_HUB,Eastern,public_zonal,same_ic,,,,,,,,,,,
"Clayton County, GA",Clayton,Georgia,13063,0,50,200,50,250,non-ISO,NO_LMP,Eastern,none,same_ic,,,,,,,,,,,
"Washoe County, NV",Washoe,Nevada,32031,176.5,67,0,243.5,243.5,WECC-nonISO,PALO_VERDE,Western,bilateral_hub_proxy,cross_ic_destination,,,,,,,,,,,
"Arapahoe County, CO",Arapahoe,Colorado,8005,122.05,60,60,182.05,242.05,WECC-nonISO,PALO_VERDE,Western,bilateral_hub_proxy,cross_ic_destination,,,,,,,,,,,
"Monroe County, MI",Monroe,Michigan,26115,0.5,0,240,0.5,240.5,MISO,MISO_MICHIGAN_HUB,Eastern,public_zonal,same_ic,,,,,,,,,,,
"Shenandoah County, VA",Shenandoah,Virginia,51171,0,0,240,0,240,PJM,DOM,Eastern,public_zonal,same_ic,,,,,,,,,,,
"Middlesex County, NJ",Middlesex,New Jersey,34023,178.93,12,43,190.93,233.93,PJM,PSEG,Eastern,public_zonal,same_ic,,,,,,,,,,,
"Wake County, NC",Wake,North Carolina,37183,18.33,0,213,18.33,231.33,non-ISO,NO_LMP,Eastern,none,same_ic,,,,,,,,,,,
"Valencia County, NM",Valencia,New Mexico,35061,230,0,0,230,230,WECC-nonISO,PALO_VERDE,Western,bilateral_hub_proxy,cross_ic_destination,,,,,,,,,,,
"Mercer County, PA",Mercer,Pennsylvania,42085,150,80,0,230,230,PJM,PECO,Eastern,public_zonal,same_ic,,,,,,,,,,,
"Pend Oreille County, WA",Pend Oreille,Washington,53051,100,125,0,225,225,WECC-nonISO,MID-C,Western,bilateral_hub_proxy,cross_ic_destination,,,,,,,,,,,
"Stark County, OH",Stark,Ohio,39151,1.5,221,0,222.5,222.5,PJM,AEP,Eastern,public_zonal,same_ic,,,,,,,,,,,
"Chelan County, WA",Chelan,Washington,53007,40.5,60,120,100.5,220.5,WECC-nonISO,MID-C,Western,bilateral_hub_proxy,cross_ic_destination,,,,,,,,,,,
"Ada County, ID",Ada,Idaho,16001,218.25,0,0,218.25,218.25,WECC-nonISO,MID-C,Western,bilateral_hub_proxy,cross_ic_destination,,,,,,,,,,,
"King County, WA",King,Washington,53033,210.46,0,0,210.46,210.46,WECC-nonISO,MID-C,Western,bilateral_hub_proxy,cross_ic_destination,,,,,,,,,,,
"Johnson County, KS",Johnson,Kansas,20091,39.05,0,166,39.05,205.05,SPP,SPP_HUB,Eastern,public_hub,same_ic,,,,,,,,,,,
"Andrews County, TX",Andrews,Texas,48003,105,100,0,205,205,ERCOT,LZ_WEST,ERCOT,public_settlement_point,cross_ic_destination,,,,,,,,,,,
"Manassas city, VA",Manassas,Virginia,51683,30,150,25,180,205,PJM,DOM,Eastern,public_zonal,same_ic,,,,,,,,,,,
"Natrona County, WY",Natrona,Wyoming,56025,1.1,10,190,11.1,201.1,WECC-nonISO,MID-C,Western,bilateral_hub_proxy,cross_ic_destination,,,,,,,,,,,
"Glasscock County, TX",Glasscock,Texas,48173,200,0,0,200,200,ERCOT,LZ_NORTH,ERCOT,public_settlement_point,cross_ic_destination,,,,,,,,,,,
"La Salle County, TX",La Salle,Texas,48283,0,70,130,70,200,ERCOT,LZ_NORTH,ERCOT,public_settlement_point,cross_ic_destination,,,,,,,,,,,
"Morgan County, IN",Morgan,Indiana,18109,0,0,200,0,200,MISO,MISO_INDIANA_HUB,Eastern,public_zonal,same_ic,,,,,,,,,,,
"Westmoreland County, PA",Westmoreland,Pennsylvania,42129,20,0,180,20,200,PJM,PECO,Eastern,public_zonal,same_ic,,,,,,,,,,,
"Pittsylvania County, VA",Pittsylvania,Virginia,51143,0,0,200,0,200,PJM,DOM,Eastern,public_zonal,same_ic,,,,,,,,,,,
"Richmond County, GA",Richmond,Georgia,13245,0,0,200,0,200,non-ISO,NO_LMP,Eastern,none,same_ic,,,,,,,,,,,
"Crisp County, GA",Crisp,Georgia,13081,0,0,200,0,200,non-ISO,NO_LMP,Eastern,none,same_ic,,,,,,,,,,,
"Carver County, MN",Carver,Minnesota,27019,13.8,0,180,13.8,193.8,MISO,MISO_MINN_HUB,Eastern,public_zonal,same_ic,,,,,,,,,,,
"Tulsa County, OK",Tulsa,Oklahoma,40143,31.9,40,120,71.9,191.9,SPP,SPP_HUB,Eastern,public_hub,same_ic,,,,,,,,,,,
"Moore County, TX",Moore,Texas,48341,0,100,87,100,187,ERCOT,LZ_NORTH,ERCOT,public_settlement_point,cross_ic_destination,,,,,,,,,,,
"Delaware County, OH",Delaware,Ohio,39041,10.5,18,157.5,28.5,186,PJM,AEP,Eastern,public_zonal,same_ic,,,,,,,,,,,
"Sumner County, TN",Sumner,Tennessee,47165,120,44.8,20,164.8,184.8,non-ISO,NO_LMP,Eastern,none,same_ic,,,,,,,,,,,
"LaPorte County, IN",LaPorte,Indiana,18091,0,0,180,0,180,MISO,MISO_INDIANA_HUB,Eastern,public_zonal,same_ic,,,,,,,,,,,
"Banks County, GA",Banks,Georgia,13011,0,120,60,120,180,non-ISO,NO_LMP,Eastern,none,same_ic,,,,,,,,,,,
"New York County, NY",New York,New York,36061,178.28,0,0,178.28,178.28,NYISO,ZONE_J,Eastern,public_zonal,same_ic,,,,,,,,,,,
"Wasco County, OR",Wasco,Oregon,41065,135,40,0,175,175,WECC-nonISO,MID-C,Western,bilateral_hub_proxy,cross_ic_destination,,,,,,,,,,,
"Tuscaloosa County, AL",Tuscaloosa,Alabama,1125,0,170,0,170,170,non-ISO,NO_LMP,Eastern,none,same_ic,,,,,,,,,,,
"Baylor County, TX",Baylor,Texas,48023,0,83,83,83,166,ERCOT,LZ_WEST,ERCOT,public_settlement_point,cross_ic_destination,,,,,,,,,,,
"Virginia Beach city, VA",Virginia Beach,Virginia,51810,8,0,157,8,165,PJM,DOM,Eastern,public_zonal,same_ic,,,,,,,,,,,
"St. Louis County, MN",St. Louis,Minnesota,27137,1.3,0,160,1.3,161.3,MISO,MISO_MINN_HUB,Eastern,public_zonal,same_ic,,,,,,,,,,,
"Kenosha County, WI",Kenosha,Wisconsin,55059,0,0,160,0,160,MISO,MISO_MINN_HUB,Eastern,public_zonal,same_ic,,,,,,,,,,,
"Henry County, GA",Henry,Georgia,13151,0,20,140,20,160,non-ISO,NO_LMP,Eastern,none,same_ic,,,,,,,,,,,
"Petersburg city, VA",Petersburg,Virginia,51730,0,0,160,0,160,PJM,DOM,Eastern,public_zonal,same_ic,,,,,,,,,,,
"Hudson County, NJ",Hudson,New Jersey,34017,137.5,4.4,10,141.9,151.9,PJM,PSEG,Eastern,public_zonal,same_ic,,,,,,,,,,,
"Pulaski County, AR",Pulaski,Arkansas,5119,1.53,150,0,151.53,151.53,MISO,MISO_ARKANSAS_HUB,Eastern,public_zonal,same_ic,,,,,,,,,,,
"Marshall County, KY",Marshall,Kentucky,21157,150,0,0,150,150,non-ISO,NO_LMP,Eastern,none,same_ic,,,,,,,,,,,
"Wayne County, MI",Wayne,Michigan,26163,13.4,3,130,16.4,146.4,MISO,MISO_MICHIGAN_HUB,Eastern,public_zonal,same_ic,,,,,,,,,,,
"Miami-Dade County, FL",Miami-Dade,Florida,12086,74.53,45.6,22.6,120.13,142.73,non-ISO,NO_LMP,Eastern,none,same_ic,,,,,,,,,,,
"Union County, NJ",Union,New Jersey,34039,42,0,100,42,142,PJM,PSEG,Eastern,public_zonal,same_ic,,,,,,,,,,,
"Alameda County, CA",Alameda,California,6001,103.19,0,32.1,103.19,135.29,CAISO,NP15,Western,public_lap,cross_ic_destination,,,,,,,,,,,
"Grand Forks County, ND",Grand Forks,North Dakota,38035,130,0,0,130,130,MISO,MISO_MINN_HUB,Eastern,public_zonal,same_ic,,,,,,,,,,,
"Rutherford County, NC",Rutherford,North Carolina,37161,120,10,0,130,130,non-ISO,NO_LMP,Eastern,none,same_ic,,,,,,,,,,,
"El Paso County, CO",El Paso,Colorado,8041,53.45,0,75,53.45,128.45,WECC-nonISO,PALO_VERDE,Western,bilateral_hub_proxy,cross_ic_destination,,,,,,,,,,,
"Kent County, MI",Kent,Michigan,26081,54.5,0,70,54.5,124.5,MISO,MISO_MICHIGAN_HUB,Eastern,public_zonal,same_ic,,,,,,,,,,,
"Howard County, TX",Howard,Texas,48227,50,72,0,122,122,ERCOT,LZ_NORTH,ERCOT,public_settlement_point,cross_ic_destination,,,,,,,,,,,
"Cameron County, TX",Cameron,Texas,48061,0.7,60,60,60.7,120.7,ERCOT,LZ_SOUTH,ERCOT,public_settlement_point,cross_ic_destination,,,,,,,,,,,
"Uinta County, WY",Uinta,Wyoming,56041,0,0,120,0,120,WECC-nonISO,MID-C,Western,bilateral_hub_proxy,cross_ic_destination,,,,,,,,,,,
"Rice County, MN",Rice,Minnesota,27131,0,0,120,0,120,MISO,MISO_MINN_HUB,Eastern,public_zonal,same_ic,,,,,,,,,,,
"Beaver County, PA",Beaver,Pennsylvania,42007,120,0,0,120,120,PJM,PECO,Eastern,public_zonal,same_ic,,,,,,,,,,,
"Greensville County, VA",Greensville,Virginia,51081,0,0,120,0,120,PJM,DOM,Eastern,public_zonal,same_ic,,,,,,,,,,,
"Lehigh County, PA",Lehigh,Pennsylvania,42077,17.85,100,0,117.85,117.85,PJM,PECO,Eastern,public_zonal,same_ic,,,,,,,,,,,
"Midland County, TX",Midland,Texas,48329,112,0,4,112,116,ERCOT,LZ_WEST,ERCOT,public_settlement_point,cross_ic_destination,,,,,,,,,,,
"Galveston County, TX",Galveston,Texas,48167,60,0,56,60,116,ERCOT,LZ_HOUSTON,ERCOT,public_settlement_point,cross_ic_destination,,,,,,,,,,,
"Rankin County, MS",Rankin,Mississippi,28121,0,116,0,116,116,MISO,MISO_ARKANSAS_HUB,Eastern,public_zonal,same_ic,,,,,,,,,,,
"Jackson County, MO",Jackson,Missouri,29095,69.5,45,0,114.5,114.5,SPP,SPP_HUB,Eastern,public_hub,same_ic,,,,,,,,,,,
"Greenville County, SC",Greenville,South Carolina,45045,85,0.8,25,85.8,110.8,non-ISO,NO_LMP,Eastern,none,same_ic,,,,,,,,,,,
"Sacramento County, CA",Sacramento,California,6067,91.4,0,18,91.4,109.4,CAISO,NP15,Western,public_lap,cross_ic_destination,,,,,,,,,,,
"Butler County, OH",Butler,Ohio,39017,8.54,0,100,8.54,108.54,PJM,AEP,Eastern,public_zonal,same_ic,,,,,,,,,,,
"Middlesex County, MA",Middlesex,Massachusetts,25017,88.5,0,20,88.5,108.5,ISO-NE,ISONE_HUB,Eastern,public_hub,same_ic,,,,,,,,,,,
"Oakland County, MI",Oakland,Michigan,26125,27.4,18,63,45.4,108.4,MISO,MISO_MICHIGAN_HUB,Eastern,public_zonal,same_ic,,,,,,,,,,,
"Stutsman County, ND",Stutsman,North Dakota,38093,106,0,0,106,106,MISO,MISO_MINN_HUB,Eastern,public_zonal,same_ic,,,,,,,,,,,
"Buffalo County, NE",Buffalo,Nebraska,31019,100,5,0,105,105,SPP,SPP_HUB,Eastern,public_hub,same_ic,,,,,,,,,,,
"San Francisco County, CA",San Francisco,California,6075,76.5,9,19,85.5,104.5,CAISO,NP15,Western,public_lap,cross_ic_destination,,,,,,,,,,,
"Cherokee County, NC",Cherokee,North Carolina,37039,104,0,0,104,104,non-ISO,NO_LMP,Eastern,none,same_ic,,,,,,,,,,,
"York County, SC",York,South Carolina,45091,2,0,100,2,102,non-ISO,NO_LMP,Eastern,none,same_ic,,,,,,,,,,,
"Armstrong County, PA",Armstrong,Pennsylvania,42005,1.5,30,70,31.5,101.5,PJM,PECO,Eastern,public_zonal,same_ic,,,,,,,,,,,
"Big Horn County, MT",Big Horn,Montana,30003,100,0,0,100,100,WECC-nonISO,MID-C,Western,bilateral_hub_proxy,same_ic,,,,,,,,,,,
"Kings County, CA",Kings,California,6031,0,20,80,20,100,CAISO,NP15,Western,public_lap,cross_ic_destination,,,,,,,,,,,
"Briscoe County, TX",Briscoe,Texas,48045,98,2,0,100,100,ERCOT,LZ_WEST,ERCOT,public_settlement_point,cross_ic_destination,,,,,,,,,,,
"Contra Costa County, CA",Contra Costa,California,6013,0,99,0,99,99,CAISO,NP15,Western,public_lap,cross_ic_destination,,,,,,,,,,,
"Rockingham County, NC",Rockingham,North Carolina,37157,0,24,75,24,99,non-ISO,NO_LMP,Eastern,none,same_ic,,,,,,,,,,,
"Douglas County, CO",Douglas,Colorado,8035,74.99,22.5,0,97.49,97.49,WECC-nonISO,PALO_VERDE,Western,bilateral_hub_proxy,cross_ic_destination,,,,,,,,,,,
"Denver County, CO",Denver,Colorado,8031,36.75,18,42,54.75,96.75,WECC-nonISO,PALO_VERDE,Western,bilateral_hub_proxy,cross_ic_destination,,,,,,,,,,,
"Cobb County, GA",Cobb,Georgia,13067,24.53,48,24,72.53,96.53,non-ISO,NO_LMP,Eastern,none,same_ic,,,,,,,,,,,
"Gwinnett County, GA",Gwinnett,Georgia,13135,94,0,0,94,94,non-ISO,NO_LMP,Eastern,none,same_ic,,,,,,,,,,,
"Essex County, NJ",Essex,New Jersey,34013,87.71,0,0,87.71,87.71,PJM,PSEG,Eastern,public_zonal,same_ic,,,,,,,,,,,
"Willacy County, TX",Willacy,Texas,48489,0,87,0,87,87,ERCOT,LZ_NORTH,ERCOT,public_settlement_point,cross_ic_destination,,,,,,,,,,,
"Rockland County, NY",Rockland,New York,36087,67,20,0,87,87,NYISO,ZONE_G,Eastern,public_zonal,same_ic,,,,,,,,,,,
"Knox County, TN",Knox,Tennessee,47093,86,0,0,86,86,non-ISO,NO_LMP,Eastern,none,same_ic,,,,,,,,,,,
"Wilkes County, GA",Wilkes,Georgia,13317,82,0,4,82,86,non-ISO,NO_LMP,Eastern,none,same_ic,,,,,,,,,,,
"Hennepin County, MN",Hennepin,Minnesota,27053,36.9,27,20,63.9,83.9,MISO,MISO_MINN_HUB,Eastern,public_zonal,same_ic,,,,,,,,,,,
"Venango County, PA",Venango,Pennsylvania,42121,83.5,0,0,83.5,83.5,PJM,PECO,Eastern,public_zonal,same_ic,,,,,,,,,,,
"Morrow County, OH",Morrow,Ohio,39117,82.5,0,0,82.5,82.5,PJM,AEP,Eastern,public_zonal,same_ic,,,,,,,,,,,
"Putnam County, IL",Putnam,Illinois,17155,0,0,82,0,82,MISO,MISO_ILLINOIS_HUB,Eastern,public_zonal,source,,,,,,,,,,,
"Wagoner County, OK",Wagoner,Oklahoma,40145,0,0,80,0,80,SPP,SPP_HUB,Eastern,public_hub,same_ic,,,,,,,,,,,
"Fond du Lac County, WI",Fond du Lac,Wisconsin,55039,0,0,80,0,80,MISO,MISO_MINN_HUB,Eastern,public_zonal,same_ic,,,,,,,,,,,
"Wood County, OH",Wood,Ohio,39173,0,40,40,40,80,PJM,AEP,Eastern,public_zonal,same_ic,,,,,,,,,,,
"Yates County, NY",Yates,New York,36123,80,0,0,80,80,NYISO,ZONE_F,Eastern,public_zonal,same_ic,,,,,,,,,,,
"Aiken County, SC",Aiken,South Carolina,45003,0,80,0,80,80,non-ISO,NO_LMP,Eastern,none,same_ic,,,,,,,,,,,
"Cook County, GA",Cook,Georgia,13075,40,0,40,40,80,non-ISO,NO_LMP,Eastern,none,same_ic,,,,,,,,,,,
"Caldwell County, NC",Caldwell,North Carolina,37027,78.5,0,0,78.5,78.5,non-ISO,NO_LMP,Eastern,none,same_ic,,,,,,,,,,,
"Marion County, IN",Marion,Indiana,18097,24.68,22,31,46.68,77.68,MISO,MISO_INDIANA_HUB,Eastern,public_zonal,same_ic,,,,,,,,,,,
"Cleveland County, NC",Cleveland,North Carolina,37045,52,0,25,52,77,non-ISO,NO_LMP,Eastern,none,same_ic,,,,,,,,,,,
"Gregg County, TX",Gregg,Texas,48183,0,0,75,0,75,ERCOT,LZ_NORTH,ERCOT,public_settlement_point,cross_ic_destination,,,,,,,,,,,
"Clark County, IN",Clark,Indiana,18019,0,75,0,75,75,MISO,MISO_INDIANA_HUB,Eastern,public_zonal,same_ic,,,,,,,,,,,
"Somerset County, NJ",Somerset,New Jersey,34035,62,0,10,62,72,PJM,PSEG,Eastern,public_zonal,same_ic,,,,,,,,,,,
"Silver Bow County, MT",Silver Bow,Montana,30093,65.5,0,0,65.5,65.5,WECC-nonISO,MID-C,Western,bilateral_hub_proxy,same_ic,,,,,,,,,,,
"Durham County, NC",Durham,North Carolina,37063,62,0,0,62,62,non-ISO,NO_LMP,Eastern,none,same_ic,,,,,,,,,,,
"Madison County, TN",Madison,Tennessee,47113,0,60,0,60,60,non-ISO,NO_LMP,Eastern,none,same_ic,,,,,,,,,,,
"Montgomery County, TN",Montgomery,Tennessee,47125,60,0,0,60,60,non-ISO,NO_LMP,Eastern,none,same_ic,,,,,,,,,,,
"Baltimore city, MD",Baltimore,Maryland,24510,59.5,0,0,59.5,59.5,PJM,BGE,Eastern,public_zonal,same_ic,,,,,,,,,,,
"Passaic County, NJ",Passaic,New Jersey,34031,57.44,0,0,57.44,57.44,PJM,PSEG,Eastern,public_zonal,same_ic,,,,,,,,,,,
"San Joaquin County, CA",San Joaquin,California,6077,6.5,0,50,6.5,56.5,CAISO,NP15,Western,public_lap,cross_ic_destination,,,,,,,,,,,
"Shelby County, AL",Shelby,Alabama,1117,0,22,33,22,55,non-ISO,NO_LMP,Eastern,none,same_ic,,,,,,,,,,,
"Montgomery County, TX",Montgomery,Texas,48339,53.88,1,0,54.88,54.88,ERCOT,LZ_HOUSTON,ERCOT,public_settlement_point,cross_ic_destination,,,,,,,,,,,
"Washington County, MN",Washington,Minnesota,27163,16.5,15,20,31.5,51.5,MISO,MISO_MINN_HUB,Eastern,public_zonal,same_ic,,,,,,,,,,,
"Ford County, KS",Ford,Kansas,20057,0,0,51,0,51,SPP,SPP_HUB,Eastern,public_hub,same_ic,,,,,,,,,,,
"Erie County, NY",Erie,New York,36029,51,0,0,51,51,NYISO,ZONE_A,Eastern,public_zonal,same_ic,,,,,,,,,,,
"St. Louis city, MO",St. Louis,Missouri,29510,32.5,5,13,37.5,50.5,MISO,MISO_ILLINOIS_HUB,Eastern,public_zonal,same_ic,,,,,,,,,,,
"Crow Wing County, MN",Crow Wing,Minnesota,27035,25,25,0,50,50,MISO,MISO_MINN_HUB,Eastern,public_zonal,same_ic,,,,,,,,,,,
"Porter County, IN",Porter,Indiana,18127,0,0,50,0,50,MISO,MISO_INDIANA_HUB,Eastern,public_zonal,same_ic,,,,,,,,,,,
"St. Lawrence County, NY",St. Lawrence,New York,36089,50,0,0,50,50,NYISO,ZONE_F,Eastern,public_zonal,same_ic,,,,,,,,,,,
"Jackson County, AL",Jackson,Alabama,1071,50,0,0,50,50,non-ISO,NO_LMP,Eastern,none,same_ic,,,,,,,,,,,
"Perry County, OH",Perry,Ohio,39127,24,0,26,24,50,PJM,AEP,Eastern,public_zonal,same_ic,,,,,,,,,,,
"Hunt County, TX",Hunt,Texas,48231,0,0,48,0,48,ERCOT,LZ_NORTH,ERCOT,public_settlement_point,cross_ic_destination,,,,,,,,,,,
"Capitol Planning Region, CT",Capitol,Connecticut,9110,1.6,0,44,1.6,45.6,ISO-NE,ISONE_HUB,Eastern,public_hub,same_ic,,,,,,,,,,,
"Pima County, AZ",Pima,Arizona,4019,28.53,0,16.6,28.53,45.13,WECC-nonISO,PALO_VERDE,Western,bilateral_hub_proxy,cross_ic_destination,,,,,,,,,,,
"Macomb County, MI",Macomb,Michigan,26099,0,0,45,0,45,MISO,MISO_MICHIGAN_HUB,Eastern,public_zonal,same_ic,,,,,,,,,,,
"Wise County, VA",Wise,Virginia,51195,10,0,35,10,45,PJM,DOM,Eastern,public_zonal,same_ic,,,,,,,,,,,
"Naugatuck Valley Planning Region, CT",Naugatuck Valley,Connecticut,9140,5,32,4,37,41,ISO-NE,ISONE_HUB,Eastern,public_hub,same_ic,,,,,,,,,,,
"Randall County, TX",Randall,Texas,48381,40.4,0,0,40.4,40.4,ERCOT,LZ_NORTH,ERCOT,public_settlement_point,cross_ic_destination,,,,,,,,,,,
"Butler County, PA",Butler,Pennsylvania,42019,15.75,0,24.5,15.75,40.25,PJM,PECO,Eastern,public_zonal,same_ic,,,,,,,,,,,
"Madison County, IA",Madison,Iowa,19121,0,40,0,40,40,MISO,MISO_MINN_HUB,Eastern,public_zonal,same_ic,,,,,,,,,,,
"Cass County, TX",Cass,Texas,48067,40,0,0,40,40,ERCOT,LZ_NORTH,ERCOT,public_settlement_point,cross_ic_destination,,,,,,,,,,,
"Autauga County, AL",Autauga,Alabama,1001,0,5,35,5,40,non-ISO,NO_LMP,Eastern,none,same_ic,,,,,,,,,,,
"Loudon County, TN",Loudon,Tennessee,47105,20,20,0,40,40,non-ISO,NO_LMP,Eastern,none,same_ic,,,,,,,,,,,
"Philadelphia County, PA",Philadelphia,Pennsylvania,42101,38.44,0,0,38.44,38.44,PJM,PECO,Eastern,public_zonal,same_ic,,,,,,,,,,,
"San Diego County, CA",San Diego,California,6073,37.5,0,0,37.5,37.5,CAISO,SP15,Western,public_lap,cross_ic_destination,,,,,,,,,,,
"Orange County, CA",Orange,California,6059,35.2,0,0,35.2,35.2,CAISO,SP15,Western,public_lap,cross_ic_destination,,,,,,,,,,,
"Pierce County, WA",Pierce,Washington,53053,34.95,0,0,34.95,34.95,WECC-nonISO,MID-C,Western,bilateral_hub_proxy,cross_ic_destination,,,,,,,,,,,
"Suffolk County, MA",Suffolk,Massachusetts,25025,34.6,0,0,34.6,34.6,ISO-NE,ISONE_HUB,Eastern,public_hub,same_ic,,,,,,,,,,,
"Bernalillo County, NM",Bernalillo,New Mexico,35001,24,10,0,34,34,WECC-nonISO,PALO_VERDE,Western,bilateral_hub_proxy,cross_ic_destination,,,,,,,,,,,
"Hamilton County, OH",Hamilton,Ohio,39061,33.61,0.3,0,33.91,33.91,PJM,AEP,Eastern,public_zonal,same_ic,,,,,,,,,,,
"Duval County, FL",Duval,Florida,12031,30.9,0,0,30.9,30.9,non-ISO,NO_LMP,Eastern,none,same_ic,,,,,,,,,,,
"McLeod County, MN",McLeod,Minnesota,27085,20,0,10,20,30,MISO,MISO_MINN_HUB,Eastern,public_zonal,same_ic,,,,,,,,,,,
"Greater Bridgeport Planning Region, CT",Greater Bridgeport,Connecticut,9120,15,12,3,27,30,ISO-NE,ISONE_HUB,Eastern,public_hub,same_ic,,,,,,,,,,,
"Bedford County, TN",Bedford,Tennessee,47003,20,0,10,20,30,non-ISO,NO_LMP,Eastern,none,same_ic,,,,,,,,,,,
"Johnson County, TN",Johnson,Tennessee,47091,0,0,30,0,30,non-ISO,NO_LMP,Eastern,none,same_ic,,,,,,,,,,,
"Broomfield County, CO",Broomfield,Colorado,8014,29.1,0,0,29.1,29.1,WECC-nonISO,PALO_VERDE,Western,bilateral_hub_proxy,cross_ic_destination,,,,,,,,,,,
"Horry County, SC",Horry,South Carolina,45051,9,20,0,29,29,non-ISO,NO_LMP,Eastern,none,same_ic,,,,,,,,,,,
"Lee County, AL",Lee,Alabama,1081,4,16,8,20,28,non-ISO,NO_LMP,Eastern,none,same_ic,,,,,,,,,,,
"Mercer County, NJ",Mercer,New Jersey,34021,28,0,0,28,28,PJM,PSEG,Eastern,public_zonal,same_ic,,,,,,,,,,,
"Williamson County, TN",Williamson,Tennessee,47187,27.7,0,0,27.7,27.7,non-ISO,NO_LMP,Eastern,none,same_ic,,,,,,,,,,,
"Allegheny County, PA",Allegheny,Pennsylvania,42003,27.4,0,0,27.4,27.4,PJM,PECO,Eastern,public_zonal,same_ic,,,,,,,,,,,
"Snohomish County, WA",Snohomish,Washington,53061,27,0,0,27,27,WECC-nonISO,MID-C,Western,bilateral_hub_proxy,cross_ic_destination,,,,,,,,,,,
"Rutherford County, TN",Rutherford,Tennessee,47149,2,10,15,12,27,non-ISO,NO_LMP,Eastern,none,same_ic,,,,,,,,,,,
"Toombs County, GA",Toombs,Georgia,13279,26,0,0,26,26,non-ISO,NO_LMP,Eastern,none,same_ic,,,,,,,,,,,
"Orange County, FL",Orange,Florida,12095,19.4,6,0,25.4,25.4,non-ISO,NO_LMP,Eastern,none,same_ic,,,,,,,,,,,
"Montgomery County, PA",Montgomery,Pennsylvania,42091,25.2,0,0,25.2,25.2,PJM,PECO,Eastern,public_zonal,same_ic,,,,,,,,,,,
"Calloway County, KY",Calloway,Kentucky,21035,25,0,0,25,25,non-ISO,NO_LMP,Eastern,none,same_ic,,,,,,,,,,,
"Shelby County, KY",Shelby,Kentucky,21211,1,6,18,7,25,MISO,MISO_INDIANA_HUB,Eastern,public_zonal,same_ic,,,,,,,,,,,
"Scott County, TN",Scott,Tennessee,47151,25,0,0,25,25,non-ISO,NO_LMP,Eastern,none,same_ic,,,,,,,,,,,
"Washington County, TN",Washington,Tennessee,47179,25,0,0,25,25,non-ISO,NO_LMP,Eastern,none,same_ic,,,,,,,,,,,
"Marlboro County, SC",Marlboro,South Carolina,45069,25,0,0,25,25,non-ISO,NO_LMP,Eastern,none,same_ic,,,,,,,,,,,
"Oklahoma County, OK",Oklahoma,Oklahoma,40109,24.9,0,0,24.9,24.9,SPP,SPP_HUB,Eastern,public_hub,same_ic,,,,,,,,,,,
"Ingham County, MI",Ingham,Michigan,26065,0.5,24,0,24.5,24.5,MISO,MISO_MICHIGAN_HUB,Eastern,public_zonal,same_ic,,,,,,,,,,,
"Southeastern Connecticut Planning Region, CT",Southeastern Connecticut,Connecticut,9180,0,0,23,0,23,ISO-NE,ISONE_HUB,Eastern,public_hub,same_ic,,,,,,,,,,,
"Hillsborough County, FL",Hillsborough,Florida,12057,22.84,0,0,22.84,22.84,non-ISO,NO_LMP,Eastern,none,same_ic,,,,,,,,,,,
"Multnomah County, OR",Multnomah,Oregon,41051,22.1,0,0,22.1,22.1,WECC-nonISO,MID-C,Western,bilateral_hub_proxy,cross_ic_destination,,,,,,,,,,,
"Western Connecticut Planning Region, CT",Western Connecticut,Connecticut,9190,11.8,0,10,11.8,21.8,ISO-NE,ISONE_HUB,Eastern,public_hub,same_ic,,,,,,,,,,,
"Morris County, NJ",Morris,New Jersey,34027,21,0,0,21,21,PJM,PSEG,Eastern,public_zonal,same_ic,,,,,,,,,,,
"Cuyahoga County, OH",Cuyahoga,Ohio,39035,20.9,0,0,20.9,20.9,PJM,AEP,Eastern,public_zonal,same_ic,,,,,,,,,,,
"St. Louis County, MO",St. Louis,Missouri,29189,15.8,5,0,20.8,20.8,MISO,MISO_ILLINOIS_HUB,Eastern,public_zonal,same_ic,,,,,,,,,,,
"San Mateo County, CA",San Mateo,California,6081,0.3,0,20,0.3,20.3,CAISO,NP15,Western,public_lap,cross_ic_destination,,,,,,,,,,,
"Davidson County, TN",Davidson,Tennessee,47037,8.2,12,0,20.2,20.2,non-ISO,NO_LMP,Eastern,none,same_ic,,,,,,,,,,,
"Judith Basin County, MT",Judith Basin,Montana,30045,20,0,0,20,20,WECC-nonISO,MID-C,Western,bilateral_hub_proxy,same_ic,,,,,,,,,,,
"Wood County, WI",Wood,Wisconsin,55141,0,20,0,20,20,MISO,MISO_MINN_HUB,Eastern,public_zonal,same_ic,,,,,,,,,,,
"Reagan County, TX",Reagan,Texas,48383,20,0,0,20,20,ERCOT,LZ_NORTH,ERCOT,public_settlement_point,cross_ic_destination,,,,,,,,,,,
"Warren County, MS",Warren,Mississippi,28149,20,0,0,20,20,MISO,MISO_ARKANSAS_HUB,Eastern,public_zonal,same_ic,,,,,,,,,,,
"Calumet County, WI",Calumet,Wisconsin,55015,0,20,0,20,20,MISO,MISO_MINN_HUB,Eastern,public_zonal,same_ic,,,,,,,,,,,
"Madison County, KY",Madison,Kentucky,21151,20,0,0,20,20,MISO,MISO_INDIANA_HUB,Eastern,public_zonal,same_ic,,,,,,,,,,,
"Emanuel County, GA",Emanuel,Georgia,13107,20,0,0,20,20,non-ISO,NO_LMP,Eastern,none,same_ic,,,,,,,,,,,
"DeKalb County, GA",DeKalb,Georgia,13089,19.8,0,0,19.8,19.8,non-ISO,NO_LMP,Eastern,none,same_ic,,,,,,,,,,,
"Norfolk County, MA",Norfolk,Massachusetts,25021,19,0,0,19,19,ISO-NE,ISONE_HUB,Eastern,public_hub,same_ic,,,,,,,,,,,
"Harrisonburg city, VA",Harrisonburg,Virginia,51660,18.2,0,0,18.2,18.2,PJM,DOM,Eastern,public_zonal,same_ic,,,,,,,,,,,
"Honolulu County, HI",Honolulu,Hawaii,15003,8.16,10,0,18.16,18.16,non-ISO,NO_LMP,Eastern,none,same_ic,,,,,,,,,,,
"Boulder County, CO",Boulder,Colorado,8013,18.12,0,0,18.12,18.12,WECC-nonISO,PALO_VERDE,Western,bilateral_hub_proxy,cross_ic_destination,,,,,,,,,,,
"Grundy County, IA",Grundy,Iowa,19075,6,0,12,6,18,MISO,MISO_MINN_HUB,Eastern,public_zonal,same_ic,,,,,,,,,,,
"Anderson County, SC",Anderson,South Carolina,45007,18,0,0,18,18,non-ISO,NO_LMP,Eastern,none,same_ic,,,,,,,,,,,
"Chatham County, NC",Chatham,North Carolina,37037,0,0,18,0,18,non-ISO,NO_LMP,Eastern,none,same_ic,,,,,,,,,,,
"Bergen County, NJ",Bergen,New Jersey,34003,18,0,0,18,18,PJM,PSEG,Eastern,public_zonal,same_ic,,,,,,,,,,,
"Hinds County, MS",Hinds,Mississippi,28049,16.5,0,0,16.5,16.5,MISO,MISO_ARKANSAS_HUB,Eastern,public_zonal,same_ic,,,,,,,,,,,
"Logan County, OK",Logan,Oklahoma,40083,0,16.3,0,16.3,16.3,SPP,SPP_HUB,Eastern,public_hub,same_ic,,,,,,,,,,,
"Anderson County, TN",Anderson,Tennessee,47001,4,0,12,4,16,non-ISO,NO_LMP,Eastern,none,same_ic,,,,,,,,,,,
"Sherburne County, MN",Sherburne,Minnesota,27141,15,0,0,15,15,MISO,MISO_MINN_HUB,Eastern,public_zonal,same_ic,,,,,,,,,,,
"Faribault County, MN",Faribault,Minnesota,27043,15,0,0,15,15,MISO,MISO_MINN_HUB,Eastern,public_zonal,same_ic,,,,,,,,,,,
"Hamilton County, NE",Hamilton,Nebraska,31081,15,0,0,15,15,SPP,SPP_HUB,Eastern,public_hub,same_ic,,,,,,,,,,,
"Audrain County, MO",Audrain,Missouri,29007,10,5,0,15,15,MISO,MISO_ILLINOIS_HUB,Eastern,public_zonal,same_ic,,,,,,,,,,,
"Claiborne County, TN",Claiborne,Tennessee,47025,15,0,0,15,15,non-ISO,NO_LMP,Eastern,none,same_ic,,,,,,,,,,,
"Stone County, MS",Stone,Mississippi,28131,15,0,0,15,15,MISO,MISO_ARKANSAS_HUB,Eastern,public_zonal,same_ic,,,,,,,,,,,
"Appling County, GA",Appling,Georgia,13001,15,0,0,15,15,non-ISO,NO_LMP,Eastern,none,same_ic,,,,,,,,,,,
"Milwaukee County, WI",Milwaukee,Wisconsin,55079,11.45,0,2.7,11.45,14.15,MISO,MISO_MINN_HUB,Eastern,public_zonal,same_ic,,,,,,,,,,,
"Troup County, GA",Troup,Georgia,13285,14,0,0,14,14,non-ISO,NO_LMP,Eastern,none,same_ic,,,,,,,,,,,
"Warren County, OH",Warren,Ohio,39165,13.7,0,0,13.7,13.7,PJM,AEP,Eastern,public_zonal,same_ic,,,,,,,,,,,
"Spokane County, WA",Spokane,Washington,53063,13,0,0,13,13,WECC-nonISO,MID-C,Western,bilateral_hub_proxy,cross_ic_destination,,,,,,,,,,,
"Live Oak County, TX",Live Oak,Texas,48297,13,0,0,13,13,ERCOT,LZ_NORTH,ERCOT,public_settlement_point,cross_ic_destination,,,,,,,,,,,
"Cumberland County, TN",Cumberland,Tennessee,47035,13,0,0,13,13,non-ISO,NO_LMP,Eastern,none,same_ic,,,,,,,,,,,
"Smith County, TX",Smith,Texas,48423,12,0,0,12,12,ERCOT,LZ_NORTH,ERCOT,public_settlement_point,cross_ic_destination,,,,,,,,,,,
"Campbell County, TN",Campbell,Tennessee,47013,12,0,0,12,12,non-ISO,NO_LMP,Eastern,none,same_ic,,,,,,,,,,,
"Monmouth County, NJ",Monmouth,New Jersey,34025,10.6,0,0,10.6,10.6,PJM,PSEG,Eastern,public_zonal,same_ic,,,,,,,,,,,
"Boone County, IA",Boone,Iowa,19015,10.4,0,0,10.4,10.4,MISO,MISO_MINN_HUB,Eastern,public_zonal,same_ic,,,,,,,,,,,
"District of Columbia, DC",District of Columbia,District of Columbia,11001,10.04,0,0,10.04,10.04,PJM,PEPCO,Eastern,public_zonal,same_ic,,,,,,,,,,,
"Marshall County, IA",Marshall,Iowa,19127,10,0,0,10,10,MISO,MISO_MINN_HUB,Eastern,public_zonal,same_ic,,,,,,,,,,,
"Adams County, NE",Adams,Nebraska,31001,0,0,10,0,10,SPP,SPP_HUB,Eastern,public_hub,same_ic,,,,,,,,,,,
"McDonald County, MO",McDonald,Missouri,29119,10,0,0,10,10,SPP,SPP_HUB,Eastern,public_hub,same_ic,,,,,,,,,,,
"Faulkner County, AR",Faulkner,Arkansas,5045,0,0,10,0,10,MISO,MISO_ARKANSAS_HUB,Eastern,public_zonal,same_ic,,,,,,,,,,,
"Matagorda County, TX",Matagorda,Texas,48321,0,10,0,10,10,ERCOT,LZ_NORTH,ERCOT,public_settlement_point,cross_ic_destination,,,,,,,,,,,
"Rensselaer County, NY",Rensselaer,New York,36083,10,0,0,10,10,NYISO,ZONE_F,Eastern,public_zonal,same_ic,,,,,,,,,,,
"Dutchess County, NY",Dutchess,New York,36027,10,0,0,10,10,NYISO,ZONE_G,Eastern,public_zonal,same_ic,,,,,,,,,,,
"Meigs County, TN",Meigs,Tennessee,47121,10,0,0,10,10,non-ISO,NO_LMP,Eastern,none,same_ic,,,,,,,,,,,
"Union County, TN",Union,Tennessee,47173,10,0,0,10,10,non-ISO,NO_LMP,Eastern,none,same_ic,,,,,,,,,,,
"Richmond County, NY",Richmond,New York,36085,10,0,0,10,10,NYISO,ZONE_J,Eastern,public_zonal,same_ic,,,,,,,,,,,
"Bartholomew County, IN",Bartholomew,Indiana,18005,1.27,0.5,8,1.77,9.77,MISO,MISO_INDIANA_HUB,Eastern,public_zonal,same_ic,,,,,,,,,,,
"San Luis Obispo County, CA",San Luis Obispo,California,6079,9.6,0,0,9.6,9.6,CAISO,NP15,Western,public_lap,cross_ic_destination,,,,,,,,,,,
"Beaver County, UT",Beaver,Utah,49001,0,0,9.3,0,9.3,WECC-nonISO,PALO_VERDE,Western,bilateral_hub_proxy,cross_ic_destination,,,,,,,,,,,
"Westchester County, NY",Westchester,New York,36119,9.1,0,0,9.1,9.1,NYISO,ZONE_G,Eastern,public_zonal,same_ic,,,,,,,,,,,
"Union County, SC",Union,South Carolina,45087,9,0,0,9,9,non-ISO,NO_LMP,Eastern,none,same_ic,,,,,,,,,,,
"Albany County, NY",Albany,New York,36001,8.8,0,0,8.8,8.8,NYISO,ZONE_F,Eastern,public_zonal,same_ic,,,,,,,,,,,
"Montgomery County, MD",Montgomery,Maryland,24031,8.7,0,0,8.7,8.7,PJM,BGE,Eastern,public_zonal,same_ic,,,,,,,,,,,
"Canyon County, ID",Canyon,Idaho,16027,0,2.5,5.75,2.5,8.25,WECC-nonISO,MID-C,Western,bilateral_hub_proxy,cross_ic_destination,,,,,,,,,,,
"Forsyth County, NC",Forsyth,North Carolina,37067,8,0,0,8,8,non-ISO,NO_LMP,Eastern,none,same_ic,,,,,,,,,,,
"Goodhue County, MN",Goodhue,Minnesota,27049,7.5,0,0,7.5,7.5,MISO,MISO_MINN_HUB,Eastern,public_zonal,same_ic,,,,,,,,,,,
"Essex County, MA",Essex,Massachusetts,25009,7.5,0,0,7.5,7.5,ISO-NE,ISONE_HUB,Eastern,public_hub,same_ic,,,,,,,,,,,
"Jackson County, TX",Jackson,Texas,48239,7,0,0,7,7,ERCOT,LZ_NORTH,ERCOT,public_settlement_point,cross_ic_destination,,,,,,,,,,,
"Berks County, PA",Berks,Pennsylvania,42011,7,0,0,7,7,PJM,PECO,Eastern,public_zonal,same_ic,,,,,,,,,,,
"Frederick County, VA",Frederick,Virginia,51069,6.9,0,0,6.9,6.9,PJM,DOM,Eastern,public_zonal,same_ic,,,,,,,,,,,
"Worcester County, MA",Worcester,Massachusetts,25027,6.7,0,0,6.7,6.7,ISO-NE,ISONE_HUB,Eastern,public_hub,same_ic,,,,,,,,,,,
"Broward County, FL",Broward,Florida,12011,6.65,0,0,6.65,6.65,non-ISO,NO_LMP,Eastern,none,same_ic,,,,,,,,,,,
"Deschutes County, OR",Deschutes,Oregon,41017,6.5,0,0,6.5,6.5,WECC-nonISO,MID-C,Western,bilateral_hub_proxy,cross_ic_destination,,,,,,,,,,,
"Nassau County, NY",Nassau,New York,36059,6.5,0,0,6.5,6.5,NYISO,ZONE_K,Eastern,public_zonal,same_ic,,,,,,,,,,,
"Palm Beach County, FL",Palm Beach,Florida,12099,6.2,0,0,6.2,6.2,non-ISO,NO_LMP,Eastern,none,same_ic,,,,,,,,,,,
"Montgomery County, OH",Montgomery,Ohio,39113,6.1,0,0,6.1,6.1,PJM,AEP,Eastern,public_zonal,same_ic,,,,,,,,,,,
"Scott County, IA",Scott,Iowa,19163,6,0,0,6,6,MISO,MISO_MINN_HUB,Eastern,public_zonal,same_ic,,,,,,,,,,,
"Brazos County, TX",Brazos,Texas,48041,6,0,0,6,6,ERCOT,LZ_SOUTH,ERCOT,public_settlement_point,cross_ic_destination,,,,,,,,,,,
"Suffolk County, NY",Suffolk,New York,36103,3,0,3,3,6,NYISO,ZONE_K,Eastern,public_zonal,same_ic,,,,,,,,,,,
"Bannock County, ID",Bannock,Idaho,16005,5.4,0,0,5.4,5.4,WECC-nonISO,MID-C,Western,bilateral_hub_proxy,cross_ic_destination,,,,,,,,,,,
"Aroostook County, ME",Aroostook,Maine,23003,0.2,5,0,5.2,5.2,ISO-NE,ISONE_HUB,Eastern,public_hub,same_ic,,,,,,,,,,,
"Randolph County, MO",Randolph,Missouri,29175,0,5,0,5,5,MISO,MISO_ILLINOIS_HUB,Eastern,public_zonal,same_ic,,,,,,,,,,,
"St. Charles County, MO",St. Charles,Missouri,29183,5,0,0,5,5,MISO,MISO_ILLINOIS_HUB,Eastern,public_zonal,same_ic,,,,,,,,,,,
"Chester County, PA",Chester,Pennsylvania,42029,5,0,0,5,5,PJM,PECO,Eastern,public_zonal,same_ic,,,,,,,,,,,
"Ramsey County, MN",Ramsey,Minnesota,27123,4.75,0,0,4.75,4.75,MISO,MISO_MINN_HUB,Eastern,public_zonal,same_ic,,,,,,,,,,,
"Cumberland County, ME",Cumberland,Maine,23005,4.5,0,0,4.5,4.5,ISO-NE,ISONE_HUB,Eastern,public_hub,same_ic,,,,,,,,,,,
"Burleigh County, ND",Burleigh,North Dakota,38015,4,0,0,4,4,MISO,MISO_MINN_HUB,Eastern,public_zonal,same_ic,,,,,,,,,,,
"Humboldt County, CA",Humboldt,California,6023,4,0,0,4,4,CAISO,NP15,Western,public_lap,cross_ic_destination,,,,,,,,,,,
"Juab County, UT",Juab,Utah,49023,0,0,4,0,4,WECC-nonISO,PALO_VERDE,Western,bilateral_hub_proxy,cross_ic_destination,,,,,,,,,,,
"Washington County, UT",Washington,Utah,49053,4,0,0,4,4,WECC-nonISO,PALO_VERDE,Western,bilateral_hub_proxy,cross_ic_destination,,,,,,,,,,,
"Waukesha County, WI",Waukesha,Wisconsin,55133,4,0,0,4,4,MISO,MISO_MINN_HUB,Eastern,public_zonal,same_ic,,,,,,,,,,,
"Bristol County, MA",Bristol,Massachusetts,25005,4,0,0,4,4,ISO-NE,ISONE_HUB,Eastern,public_hub,same_ic,,,,,,,,,,,
"Hamilton County, IN",Hamilton,Indiana,18057,4,0,0,4,4,MISO,MISO_INDIANA_HUB,Eastern,public_zonal,same_ic,,,,,,,,,,,
"Boone County, KY",Boone,Kentucky,21015,4,0,0,4,4,PJM,DEOK,Eastern,public_zonal,same_ic,,,,,,,,,,,
"Northampton County, PA",Northampton,Pennsylvania,42095,4,0,0,4,4,PJM,PECO,Eastern,public_zonal,same_ic,,,,,,,,,,,
"Burlington County, NJ",Burlington,New Jersey,34005,4,0,0,4,4,PJM,PSEG,Eastern,public_zonal,same_ic,,,,,,,,,,,
"Scott County, MN",Scott,Minnesota,27139,3.9,0,0,3.9,3.9,MISO,MISO_MINN_HUB,Eastern,public_zonal,same_ic,,,,,,,,,,,
"Monroe County, NY",Monroe,New York,36055,3.9,0,0,3.9,3.9,NYISO,ZONE_A,Eastern,public_zonal,same_ic,,,,,,,,,,,
"Summit County, OH",Summit,Ohio,39153,3.5,0,0,3.5,3.5,PJM,AEP,Eastern,public_zonal,same_ic,,,,,,,,,,,
"Washakie County, WY",Washakie,Wyoming,56043,3.3,0,0,3.3,3.3,WECC-nonISO,MID-C,Western,bilateral_hub_proxy,cross_ic_destination,,,,,,,,,,,
"Anne Arundel County, MD",Anne Arundel,Maryland,24003,3.25,0,0,3.25,3.25,PJM,BGE,Eastern,public_zonal,same_ic,,,,,,,,,,,
"Kings County, NY",Kings,New York,36047,3,0,0,3,3,NYISO,ZONE_J,Eastern,public_zonal,same_ic,,,,,,,,,,,
"Providence County, RI",Providence,Rhode Island,44007,2.85,0,0,2.85,2.85,ISO-NE,ISONE_HUB,Eastern,public_hub,same_ic,,,,,,,,,,,
"East Baton Rouge Parish, LA",East Baton Rouge,Louisiana,22033,2.7,0,0,2.7,2.7,MISO,MISO_LOUISIANA_HUB,Eastern,public_zonal,same_ic,,,,,,,,,,,
"Hillsborough County, NH",Hillsborough,New Hampshire,33011,2.6,0,0,2.6,2.6,ISO-NE,ISONE_HUB,Eastern,public_hub,same_ic,,,,,,,,,,,
"Orleans Parish, LA",Orleans,Louisiana,22071,2.55,0,0,2.55,2.55,MISO,MISO_LOUISIANA_HUB,Eastern,public_zonal,same_ic,,,,,,,,,,,
"Brevard County, FL",Brevard,Florida,12009,2.5,0,0,2.5,2.5,non-ISO,NO_LMP,Eastern,none,same_ic,,,,,,,,,,,
"Dubuque County, IA",Dubuque,Iowa,19061,2,0,0,2,2,MISO,MISO_MINN_HUB,Eastern,public_zonal,same_ic,,,,,,,,,,,
"Riverside County, CA",Riverside,California,6065,2,0,0,2,2,CAISO,SP15,Western,public_lap,cross_ic_destination,,,,,,,,,,,
"Boone County, AR",Boone,Arkansas,5009,2,0,0,2,2,MISO,MISO_ARKANSAS_HUB,Eastern,public_zonal,same_ic,,,,,,,,,,,
"Bowie County, TX",Bowie,Texas,48037,2,0,0,2,2,ERCOT,LZ_NORTH,ERCOT,public_settlement_point,cross_ic_destination,,,,,,,,,,,
"Fort Bend County, TX",Fort Bend,Texas,48157,2,0,0,2,2,ERCOT,LZ_HOUSTON,ERCOT,public_settlement_point,cross_ic_destination,,,,,,,,,,,
"Fayette County, KY",Fayette,Kentucky,21067,2,0,0,2,2,MISO,MISO_INDIANA_HUB,Eastern,public_zonal,same_ic,,,,,,,,,,,
"Oktibbeha County, MS",Oktibbeha,Mississippi,28105,2,0,0,2,2,non-ISO,NO_LMP,Eastern,none,same_ic,,,,,,,,,,,
"Calhoun County, AL",Calhoun,Alabama,1015,2,0,0,2,2,non-ISO,NO_LMP,Eastern,none,same_ic,,,,,,,,,,,
"Hunterdon County, NJ",Hunterdon,New Jersey,34019,0,2,0,2,2,PJM,PSEG,Eastern,public_zonal,same_ic,,,,,,,,,,,
"Richland County, SC",Richland,South Carolina,45079,1.41,0.5,0,1.91,1.91,non-ISO,NO_LMP,Eastern,none,same_ic,,,,,,,,,,,
"Hidalgo County, TX",Hidalgo,Texas,48215,1.8,0,0,1.8,1.8,ERCOT,LZ_SOUTH,ERCOT,public_settlement_point,cross_ic_destination,,,,,,,,,,,
"Black Hawk County, IA",Black Hawk,Iowa,19013,1.75,0,0,1.75,1.75,MISO,MISO_MINN_HUB,Eastern,public_zonal,same_ic,,,,,,,,,,,
"Fresno County, CA",Fresno,California,6019,1.6,0,0,1.6,1.6,CAISO,SP15,Western,public_lap,cross_ic_destination,,,,,,,,,,,
"Leon County, FL",Leon,Florida,12073,1.4,0,0,1.4,1.4,non-ISO,NO_LMP,Eastern,none,same_ic,,,,,,,,,,,
"Minnehaha County, SD",Minnehaha,South Dakota,46099,1.3,0,0,1.3,1.3,MISO,MISO_MINN_HUB,Eastern,public_zonal,same_ic,,,,,,,,,,,
"Lucas County, OH",Lucas,Ohio,39095,1.3,0,0,1.3,1.3,PJM,AEP,Eastern,public_zonal,same_ic,,,,,,,,,,,
"Genesee County, MI",Genesee,Michigan,26049,1.28,0,0,1.28,1.28,MISO,MISO_MICHIGAN_HUB,Eastern,public_zonal,same_ic,,,,,,,,,,,
"Hamilton County, TN",Hamilton,Tennessee,47065,1.2,0,0,1.2,1.2,non-ISO,NO_LMP,Eastern,none,same_ic,,,,,,,,,,,
"Baltimore County, MD",Baltimore,Maryland,24005,1.2,0,0,1.2,1.2,PJM,BGE,Eastern,public_zonal,same_ic,,,,,,,,,,,
"Jefferson County, CO",Jefferson,Colorado,8059,1.09,0,0,1.09,1.09,WECC-nonISO,PALO_VERDE,Western,bilateral_hub_proxy,cross_ic_destination,,,,,,,,,,,
"Whatcom County, WA",Whatcom,Washington,53073,1,0,0,1,1,WECC-nonISO,MID-C,Western,bilateral_hub_proxy,cross_ic_destination,,,,,,,,,,,
"Weber County, UT",Weber,Utah,49057,1,0,0,1,1,WECC-nonISO,PALO_VERDE,Western,bilateral_hub_proxy,cross_ic_destination,,,,,,,,,,,
"San Bernardino County, CA",San Bernardino,California,6071,1,0,0,1,1,CAISO,SP15,Western,public_lap,cross_ic_destination,,,,,,,,,,,
"Greene County, MO",Greene,Missouri,29077,1,0,0,1,1,SPP,SPP_HUB,Eastern,public_hub,same_ic,,,,,,,,,,,
"Washington County, WI",Washington,Wisconsin,55131,1,0,0,1,1,MISO,MISO_MINN_HUB,Eastern,public_zonal,same_ic,,,,,,,,,,,
"Plymouth County, MA",Plymouth,Massachusetts,25023,1,0,0,1,1,ISO-NE,ISONE_HUB,Eastern,public_hub,same_ic,,,,,,,,,,,
"McLean County, IL",McLean,Illinois,17113,1,0,0,1,1,MISO,MISO_ILLINOIS_HUB,Eastern,public_zonal,source,,,,,,,,,,,
"Carroll County, GA",Carroll,Georgia,13045,1,0,0,1,1,non-ISO,NO_LMP,Eastern,none,same_ic,,,,,,,,,,,
"St. Tammany Parish, LA",St. Tammany,Louisiana,22103,1,0,0,1,1,MISO,MISO_LOUISIANA_HUB,Eastern,public_zonal,same_ic,,,,,,,,,,,
"Morgan County, WV",Morgan,West Virginia,54065,1,0,0,1,1,PJM,APS,Eastern,public_zonal,same_ic,,,,,,,,,,,
"Buncombe County, NC",Buncombe,North Carolina,37021,0.98,0,0,0.98,0.98,non-ISO,NO_LMP,Eastern,none,same_ic,,,,,,,,,,,
"Lane County, OR",Lane,Oregon,41039,0.9,0,0,0.9,0.9,WECC-nonISO,MID-C,Western,bilateral_hub_proxy,cross_ic_destination,,,,,,,,,,,
"Caddo Parish, LA",Caddo,Louisiana,22017,0.9,0,0,0.9,0.9,SPP,SPP_HUB,Eastern,public_hub,same_ic,,,,,,,,,,,
"Kanawha County, WV",Kanawha,West Virginia,54039,0.8,0,0,0.8,0.8,PJM,APS,Eastern,public_zonal,same_ic,,,,,,,,,,,
"Waynesboro city, VA",Waynesboro,Virginia,51820,0.8,0,0,0.8,0.8,PJM,DOM,Eastern,public_zonal,same_ic,,,,,,,,,,,
"Charleston County, SC",Charleston,South Carolina,45019,0.2,0.6,0,0.8,0.8,non-ISO,NO_LMP,Eastern,none,same_ic,,,,,,,,,,,
"Santa Barbara County, CA",Santa Barbara,California,6083,0.75,0,0,0.75,0.75,CAISO,SP15,Western,public_lap,cross_ic_destination,,,,,,,,,,,
"Norfolk city, VA",Norfolk,Virginia,51710,0.75,0,0,0.75,0.75,PJM,DOM,Eastern,public_zonal,same_ic,,,,,,,,,,,
"Placer County, CA",Placer,California,6061,0.7,0,0,0.7,0.7,CAISO,NP15,Western,public_lap,cross_ic_destination,,,,,,,,,,,
"Lubbock County, TX",Lubbock,Texas,48303,0.7,0,0,0.7,0.7,ERCOT,LZ_NORTH,ERCOT,public_settlement_point,cross_ic_destination,,,,,,,,,,,
"Boone County, MO",Boone,Missouri,29019,0.7,0,0,0.7,0.7,MISO,MISO_ILLINOIS_HUB,Eastern,public_zonal,same_ic,,,,,,,,,,,
"Jefferson Parish, LA",Jefferson,Louisiana,22051,0.7,0,0,0.7,0.7,MISO,MISO_LOUISIANA_HUB,Eastern,public_zonal,same_ic,,,,,,,,,,,
"Onondaga County, NY",Onondaga,New York,36067,0.7,0,0,0.7,0.7,NYISO,ZONE_A,Eastern,public_zonal,same_ic,,,,,,,,,,,
"Coles County, IL",Coles,Illinois,17029,0.7,0,0,0.7,0.7,MISO,MISO_ILLINOIS_HUB,Eastern,public_zonal,source,,,,,,,,,,,
"Vanderburgh County, IN",Vanderburgh,Indiana,18163,0.7,0,0,0.7,0.7,MISO,MISO_INDIANA_HUB,Eastern,public_zonal,same_ic,,,,,,,,,,,
"Blue Earth County, MN",Blue Earth,Minnesota,27013,0.6,0,0,0.6,0.6,MISO,MISO_MINN_HUB,Eastern,public_zonal,same_ic,,,,,,,,,,,
"Potter County, TX",Potter,Texas,48375,0.6,0,0,0.6,0.6,ERCOT,LZ_NORTH,ERCOT,public_settlement_point,cross_ic_destination,,,,,,,,,,,
"Montgomery County, VA",Montgomery,Virginia,51121,0.6,0,0,0.6,0.6,PJM,DOM,Eastern,public_zonal,same_ic,,,,,,,,,,,
"Shawnee County, KS",Shawnee,Kansas,20177,0.58,0,0,0.58,0.58,SPP,SPP_HUB,Eastern,public_hub,same_ic,,,,,,,,,,,
"Coos County, OR",Coos,Oregon,41011,0.5,0,0,0.5,0.5,WECC-nonISO,MID-C,Western,bilateral_hub_proxy,cross_ic_destination,,,,,,,,,,,
"Douglas County, OR",Douglas,Oregon,41019,0.5,0,0,0.5,0.5,WECC-nonISO,MID-C,Western,bilateral_hub_proxy,cross_ic_destination,,,,,,,,,,,
"Mendocino County, CA",Mendocino,California,6045,0.5,0,0,0.5,0.5,CAISO,NP15,Western,public_lap,cross_ic_destination,,,,,,,,,,,
"Doña Ana County, NM",Doña Ana,New Mexico,35013,0.5,0,0,0.5,0.5,WECC-nonISO,PALO_VERDE,Western,bilateral_hub_proxy,cross_ic_destination,,,,,,,,,,,
"Sherman County, TX",Sherman,Texas,48421,0.5,0,0,0.5,0.5,ERCOT,LZ_NORTH,ERCOT,public_settlement_point,cross_ic_destination,,,,,,,,,,,
"Seneca County, NY",Seneca,New York,36099,0.5,0,0,0.5,0.5,NYISO,ZONE_F,Eastern,public_zonal,same_ic,,,,,,,,,,,
"Chittenden County, VT",Chittenden,Vermont,50007,0.5,0,0,0.5,0.5,ISO-NE,ISONE_HUB,Eastern,public_hub,same_ic,,,,,,,,,,,
"Cheshire County, NH",Cheshire,New Hampshire,33005,0.5,0,0,0.5,0.5,ISO-NE,ISONE_HUB,Eastern,public_hub,same_ic,,,,,,,,,,,
"Peoria County, IL",Peoria,Illinois,17143,0.5,0,0,0.5,0.5,MISO,MISO_ILLINOIS_HUB,Eastern,public_zonal,source,,,,,,,,,,,
"Tippecanoe County, IN",Tippecanoe,Indiana,18157,0.5,0,0,0.5,0.5,MISO,MISO_INDIANA_HUB,Eastern,public_zonal,same_ic,,,,,,,,,,,
"Volusia County, FL",Volusia,Florida,12127,0.5,0,0,0.5,0.5,non-ISO,NO_LMP,Eastern,none,same_ic,,,,,,,,,,,
"Mahoning County, OH",Mahoning,Ohio,39099,0.45,0,0,0.45,0.45,PJM,AEP,Eastern,public_zonal,same_ic,,,,,,,,,,,
"Cerro Gordo County, IA",Cerro Gordo,Iowa,19033,0.4,0,0,0.4,0.4,MISO,MISO_MINN_HUB,Eastern,public_zonal,same_ic,,,,,,,,,,,
"Grafton County, NH",Grafton,New Hampshire,33009,0.4,0,0,0.4,0.4,ISO-NE,ISONE_HUB,Eastern,public_hub,same_ic,,,,,,,,,,,
"Mobile County, AL",Mobile,Alabama,1097,0.4,0,0,0.4,0.4,non-ISO,NO_LMP,Eastern,none,same_ic,,,,,,,,,,,
"Dauphin County, PA",Dauphin,Pennsylvania,42043,0.4,0,0,0.4,0.4,PJM,PECO,Eastern,public_zonal,same_ic,,,,,,,,,,,
"Yakima County, WA",Yakima,Washington,53077,0.3,0,0,0.3,0.3,WECC-nonISO,MID-C,Western,bilateral_hub_proxy,cross_ic_destination,,,,,,,,,,,
"Stanislaus County, CA",Stanislaus,California,6099,0.3,0,0,0.3,0.3,CAISO,NP15,Western,public_lap,cross_ic_destination,,,,,,,,,,,
"Victoria County, TX",Victoria,Texas,48469,0.3,0,0,0.3,0.3,ERCOT,LZ_NORTH,ERCOT,public_settlement_point,cross_ic_destination,,,,,,,,,,,
"Lee County, FL",Lee,Florida,12071,0.3,0,0,0.3,0.3,non-ISO,NO_LMP,Eastern,none,same_ic,,,,,,,,,,,
"South Central Connecticut Planning Region, CT",South Central Connecticut,Connecticut,9170,0.25,0,0,0.25,0.25,ISO-NE,ISONE_HUB,Eastern,public_hub,same_ic,,,,,,,,,,,
"Sedgwick County, KS",Sedgwick,Kansas,20173,0.24,0,0,0.24,0.24,SPP,SPP_HUB,Eastern,public_hub,same_ic,,,,,,,,,,,
"Rockingham County, NH",Rockingham,New Hampshire,33015,0.2,0,0,0.2,0.2,ISO-NE,ISONE_HUB,Eastern,public_hub,same_ic,,,,,,,,,,,
"Covington city, VA",Covington,Virginia,51580,0.2,0,0,0.2,0.2,PJM,DOM,Eastern,public_zonal,same_ic,,,,,,,,,,,
"Lynchburg city, VA",Lynchburg,Virginia,51680,0.2,0,0,0.2,0.2,PJM,DOM,Eastern,public_zonal,same_ic,,,,,,,,,,,
"Charlottesville city, VA",Charlottesville,Virginia,51540,0.2,0,0,0.2,0.2,PJM,DOM,Eastern,public_zonal,same_ic,,,,,,,,,,,
"Santa Cruz County, AZ",Santa Cruz,Arizona,4023,0.04,0,0,0.04,0.04,WECC-nonISO,PALO_VERDE,Western,bilateral_hub_proxy,cross_ic_destination,,,,,,,,,,,
